Timestamp,Level,Source,Message,Exception
2025-10-23T11:30:01.2428474,Information,Scalemon.FSM.PlateauZeroStateMachine,"FSM получил семпл: Вес=0, Текущее состояние=IdleZero",
2025-10-23T11:30:01.1448774,Information,Scalemon.SignalBus.SignalBus,Отправка команды на Arduino: Idle (0x12),
2025-10-23T11:30:01.1390353,Information,Scalemon.SignalBus.SignalBus,Отправка команды на Arduino: Unstable (0x13),
2025-10-23T11:30:01.1332912,Information,Scalemon.FSM.PlateauZeroStateMachine,→ IdleZero,
2025-10-23T11:30:01.1275495,Debug,Scalemon.FSM.PlateauZeroStateMachine,FSM: Переход из [PostUnload] в [IdleZero],
2025-10-23T11:30:01.1218011,Information,Scalemon.SqlDataAccess.SqlDataAccess,Записано взвешивание: 14.46,
2025-10-23T11:30:01.1099172,Information,Scalemon.FSM.PlateauZeroStateMachine,"Запись взвешивания: net=14.46kg (peak=14.46, tail=0, flags=None)",
2025-10-23T11:30:01.1008467,Debug,Scalemon.FSM.PlateauZeroStateMachine,→ PostUnload,
2025-10-23T11:30:01.0921650,Debug,Scalemon.FSM.PlateauZeroStateMachine,FSM: Переход из [AwaitUnload] в [PostUnload],
2025-10-23T11:30:01.0829041,Information,Scalemon.FSM.PlateauZeroStateMachine,"FSM получил семпл: Вес=0, Текущее состояние=AwaitUnload",
2025-10-23T11:30:00.9905615,Information,Scalemon.FSM.PlateauZeroStateMachine,"FSM получил семпл: Вес=0, Текущее состояние=AwaitUnload",
2025-10-23T11:30:00.9862680,Debug,Scalemon.SerialLink.ScaleProcessor,"Отправляю пакет данных: Вес=0, Стабилен=True, Подключено=True, Авария=False",
2025-10-23T11:30:00.8905544,Debug,Scalemon.SerialLink.ScaleProcessor,"Отправляю пакет данных: Вес=0, Стабилен=False, Подключено=True, Авария=False",
2025-10-23T11:30:00.7793648,Debug,Scalemon.SerialLink.ScaleProcessor,"Отправляю пакет данных: Вес=0, Стабилен=False, Подключено=True, Авария=False",
2025-10-23T11:30:00.6834063,Debug,Scalemon.SerialLink.ScaleProcessor,"Отправляю пакет данных: Вес=0.14, Стабилен=False, Подключено=True, Авария=False",
2025-10-23T11:30:00.5874500,Debug,Scalemon.SerialLink.ScaleProcessor,"Отправляю пакет данных: Вес=0.62, Стабилен=False, Подключено=True, Авария=False",
2025-10-23T11:30:00.4913210,Debug,Scalemon.SerialLink.ScaleProcessor,"Отправляю пакет данных: Вес=3.1, Стабилен=False, Подключено=True, Авария=False",
2025-10-23T11:30:00.3795839,Debug,Scalemon.SerialLink.ScaleProcessor,"Отправляю пакет данных: Вес=3.1, Стабилен=False, Подключено=True, Авария=False",
2025-10-23T11:30:00.2833231,Debug,Scalemon.SerialLink.ScaleProcessor,"Отправляю пакет данных: Вес=6.22, Стабилен=False, Подключено=True, Авария=False",
2025-10-23T11:30:00.1876201,Debug,Scalemon.SerialLink.ScaleProcessor,"Отправляю пакет данных: Вес=9.6, Стабилен=False, Подключено=True, Авария=False",
2025-10-23T11:30:00.0911379,Debug,Scalemon.SerialLink.ScaleProcessor,"Отправляю пакет данных: Вес=9.6, Стабилен=False, Подключено=True, Авария=False",
2025-10-23T11:29:59.9797558,Debug,Scalemon.SerialLink.ScaleProcessor,"Отправляю пакет данных: Вес=11.42, Стабилен=False, Подключено=True, Авария=False",
2025-10-23T11:29:59.8837829,Debug,Scalemon.SerialLink.ScaleProcessor,"Отправляю пакет данных: Вес=13.68, Стабилен=False, Подключено=True, Авария=False",
2025-10-23T11:29:59.7877814,Debug,Scalemon.SerialLink.ScaleProcessor,"Отправляю пакет данных: Вес=14.2, Стабилен=False, Подключено=True, Авария=False",
2025-10-23T11:29:59.6913465,Debug,Scalemon.SerialLink.ScaleProcessor,"Отправляю пакет данных: Вес=14.42, Стабилен=False, Подключено=True, Авария=False",
2025-10-23T11:29:59.5799786,Debug,Scalemon.SerialLink.ScaleProcessor,"Отправляю пакет данных: Вес=14.46, Стабилен=False, Подключено=True, Авария=False",
2025-10-23T11:29:59.4840109,Debug,Scalemon.SerialLink.ScaleProcessor,"Отправляю пакет данных: Вес=14.46, Стабилен=False, Подключено=True, Авария=False",
2025-10-23T11:29:59.3880357,Debug,Scalemon.SerialLink.ScaleProcessor,"Отправляю пакет данных: Вес=14.46, Стабилен=False, Подключено=True, Авария=False",
2025-10-23T11:29:59.3014350,Information,Scalemon.SignalBus.SignalBus,Отправка команды на Arduino: Unstable (0x13),
2025-10-23T11:29:59.2917990,Debug,Scalemon.SerialLink.ScaleProcessor,"Отправляю пакет данных: Вес=14.46, Стабилен=False, Подключено=True, Авария=False",
2025-10-23T11:29:59.1902941,Information,Scalemon.FSM.PlateauZeroStateMachine,"FSM получил семпл: Вес=14.46, Текущее состояние=AwaitUnload",
2025-10-23T11:29:59.1801102,Debug,Scalemon.SerialLink.ScaleProcessor,"Отправляю пакет данных: Вес=14.46, Стабилен=True, Подключено=True, Авария=False",
2025-10-23T11:29:59.0613343,Information,Scalemon.FSM.PlateauZeroStateMachine,"FSM получил семпл: Вес=14.46, Текущее состояние=AwaitUnload",
2025-10-23T11:29:59.0516940,Debug,Scalemon.SerialLink.ScaleProcessor,"Отправляю пакет данных: Вес=14.46, Стабилен=True, Подключено=True, Авария=False",
2025-10-23T11:29:58.9495456,Information,Scalemon.FSM.PlateauZeroStateMachine,"FSM получил семпл: Вес=14.46, Текущее состояние=AwaitUnload",
2025-10-23T11:29:58.9402456,Debug,Scalemon.SerialLink.ScaleProcessor,"Отправляю пакет данных: Вес=14.46, Стабилен=True, Подключено=True, Авария=False",
2025-10-23T11:29:58.8049956,Information,Scalemon.FSM.PlateauZeroStateMachine,"FSM получил семпл: Вес=14.46, Текущее состояние=AwaitUnload",
2025-10-23T11:29:58.7957467,Debug,Scalemon.SerialLink.ScaleProcessor,"Отправляю пакет данных: Вес=14.46, Стабилен=True, Подключено=True, Авария=False",
2025-10-23T11:29:58.6610043,Information,Scalemon.FSM.PlateauZeroStateMachine,"FSM получил семпл: Вес=14.46, Текущее состояние=AwaitUnload",
2025-10-23T11:29:58.6518236,Debug,Scalemon.SerialLink.ScaleProcessor,"Отправляю пакет данных: Вес=14.46, Стабилен=True, Подключено=True, Авария=False",
2025-10-23T11:29:58.5497637,Information,Scalemon.FSM.PlateauZeroStateMachine,"FSM получил семпл: Вес=14.46, Текущее состояние=AwaitUnload",
2025-10-23T11:29:58.5404108,Debug,Scalemon.SerialLink.ScaleProcessor,"Отправляю пакет данных: Вес=14.46, Стабилен=True, Подключено=True, Авария=False",
2025-10-23T11:29:58.4054709,Information,Scalemon.FSM.PlateauZeroStateMachine,"FSM получил семпл: Вес=14.46, Текущее состояние=AwaitUnload",
2025-10-23T11:29:58.3959246,Debug,Scalemon.SerialLink.ScaleProcessor,"Отправляю пакет данных: Вес=14.46, Стабилен=True, Подключено=True, Авария=False",
2025-10-23T11:29:58.2613477,Information,Scalemon.FSM.PlateauZeroStateMachine,"FSM получил семпл: Вес=14.46, Текущее состояние=AwaitUnload",
2025-10-23T11:29:58.2519636,Debug,Scalemon.SerialLink.ScaleProcessor,"Отправляю пакет данных: Вес=14.46, Стабилен=True, Подключено=True, Авария=False",
2025-10-23T11:29:58.1497427,Information,Scalemon.FSM.PlateauZeroStateMachine,"FSM получил семпл: Вес=14.46, Текущее состояние=AwaitUnload",
2025-10-23T11:29:58.1405865,Debug,Scalemon.SerialLink.ScaleProcessor,"Отправляю пакет данных: Вес=14.46, Стабилен=True, Подключено=True, Авария=False",
2025-10-23T11:29:58.0056189,Information,Scalemon.FSM.PlateauZeroStateMachine,"FSM получил семпл: Вес=14.46, Текущее состояние=AwaitUnload",
2025-10-23T11:29:57.9960568,Debug,Scalemon.SerialLink.ScaleProcessor,"Отправляю пакет данных: Вес=14.46, Стабилен=True, Подключено=True, Авария=False",
2025-10-23T11:29:57.8640556,Information,Scalemon.FSM.PlateauZeroStateMachine,"FSM получил семпл: Вес=14.46, Текущее состояние=AwaitUnload",
2025-10-23T11:29:57.8520013,Debug,Scalemon.SerialLink.ScaleProcessor,"Отправляю пакет данных: Вес=14.46, Стабилен=True, Подключено=True, Авария=False",
2025-10-23T11:29:57.7506882,Information,Scalemon.FSM.PlateauZeroStateMachine,"FSM получил семпл: Вес=14.46, Текущее состояние=AwaitUnload",
2025-10-23T11:29:57.7406665,Debug,Scalemon.SerialLink.ScaleProcessor,"Отправляю пакет данных: Вес=14.46, Стабилен=True, Подключено=True, Авария=False",
2025-10-23T11:29:57.6084047,Information,Scalemon.FSM.PlateauZeroStateMachine,"FSM получил семпл: Вес=14.46, Текущее состояние=AwaitUnload",
2025-10-23T11:29:57.5962403,Debug,Scalemon.SerialLink.ScaleProcessor,"Отправляю пакет данных: Вес=14.46, Стабилен=True, Подключено=True, Авария=False",
2025-10-23T11:29:57.4621169,Information,Scalemon.FSM.PlateauZeroStateMachine,"FSM получил семпл: Вес=14.46, Текущее состояние=AwaitUnload",
2025-10-23T11:29:57.4525628,Debug,Scalemon.SerialLink.ScaleProcessor,"Отправляю пакет данных: Вес=14.46, Стабилен=True, Подключено=True, Авария=False",
2025-10-23T11:29:57.3505281,Information,Scalemon.FSM.PlateauZeroStateMachine,"FSM получил семпл: Вес=14.46, Текущее состояние=AwaitUnload",
2025-10-23T11:29:57.3408881,Debug,Scalemon.SerialLink.ScaleProcessor,"Отправляю пакет данных: Вес=14.46, Стабилен=True, Подключено=True, Авария=False",
2025-10-23T11:29:57.2058495,Information,Scalemon.FSM.PlateauZeroStateMachine,"FSM получил семпл: Вес=14.46, Текущее состояние=AwaitUnload",
2025-10-23T11:29:57.1964295,Debug,Scalemon.SerialLink.ScaleProcessor,"Отправляю пакет данных: Вес=14.46, Стабилен=True, Подключено=True, Авария=False",
2025-10-23T11:29:57.0945052,Information,Scalemon.FSM.PlateauZeroStateMachine,"FSM получил семпл: Вес=14.46, Текущее состояние=AwaitUnload",
2025-10-23T11:29:57.0850088,Debug,Scalemon.SerialLink.ScaleProcessor,"Отправляю пакет данных: Вес=14.46, Стабилен=True, Подключено=True, Авария=False",
2025-10-23T11:29:56.9989241,Information,Scalemon.FSM.PlateauZeroStateMachine,"FSM получил семпл: Вес=14.46, Текущее состояние=AwaitUnload",
2025-10-23T11:29:56.9890438,Debug,Scalemon.SerialLink.ScaleProcessor,"Отправляю пакет данных: Вес=14.46, Стабилен=True, Подключено=True, Авария=False",
2025-10-23T11:29:56.9089819,Information,Scalemon.SignalBus.SignalBus,Отправка команды на Arduino: Completed (0x14),
2025-10-23T11:29:56.9035608,Information,Scalemon.SignalBus.SignalBus,Отправка команды на Arduino: Unstable (0x13),
2025-10-23T11:29:56.8979937,Information,Scalemon.FSM.PlateauZeroStateMachine,"FSM получил семпл: Вес=14.46, Текущее состояние=AwaitUnload",
2025-10-23T11:29:56.8925821,Debug,Scalemon.SerialLink.ScaleProcessor,"Отправляю пакет данных: Вес=14.46, Стабилен=True, Подключено=True, Авария=False",
2025-10-23T11:29:56.7965690,Debug,Scalemon.SerialLink.ScaleProcessor,"Отправляю пакет данных: Вес=14.46, Стабилен=False, Подключено=True, Авария=False",
2025-10-23T11:29:56.6851584,Debug,Scalemon.SerialLink.ScaleProcessor,"Отправляю пакет данных: Вес=14.46, Стабилен=False, Подключено=True, Авария=False",
2025-10-23T11:29:56.5892165,Debug,Scalemon.SerialLink.ScaleProcessor,"Отправляю пакет данных: Вес=14.44, Стабилен=False, Подключено=True, Авария=False",
2025-10-23T11:29:56.4930204,Debug,Scalemon.SerialLink.ScaleProcessor,"Отправляю пакет данных: Вес=14.42, Стабилен=False, Подключено=True, Авария=False",
2025-10-23T11:29:56.3968133,Debug,Scalemon.SerialLink.ScaleProcessor,"Отправляю пакет данных: Вес=14.4, Стабилен=False, Подключено=True, Авария=False",
2025-10-23T11:29:56.2852976,Debug,Scalemon.SerialLink.ScaleProcessor,"Отправляю пакет данных: Вес=14.4, Стабилен=False, Подключено=True, Авария=False",
2025-10-23T11:29:56.1893046,Debug,Scalemon.SerialLink.ScaleProcessor,"Отправляю пакет данных: Вес=14.44, Стабилен=False, Подключено=True, Авария=False",
2025-10-23T11:29:56.0931836,Debug,Scalemon.SerialLink.ScaleProcessor,"Отправляю пакет данных: Вес=14.52, Стабилен=False, Подключено=True, Авария=False",
2025-10-23T11:29:55.9969375,Debug,Scalemon.SerialLink.ScaleProcessor,"Отправляю пакет данных: Вес=14.58, Стабилен=False, Подключено=True, Авария=False",
2025-10-23T11:29:55.8855050,Debug,Scalemon.SerialLink.ScaleProcessor,"Отправляю пакет данных: Вес=14.62, Стабилен=False, Подключено=True, Авария=False",
2025-10-23T11:29:55.7895840,Debug,Scalemon.SerialLink.ScaleProcessor,"Отправляю пакет данных: Вес=14.6, Стабилен=False, Подключено=True, Авария=False",
2025-10-23T11:29:55.6930600,Debug,Scalemon.SerialLink.ScaleProcessor,"Отправляю пакет данных: Вес=14.6, Стабилен=False, Подключено=True, Авария=False",
2025-10-23T11:29:55.5969655,Debug,Scalemon.SerialLink.ScaleProcessor,"Отправляю пакет данных: Вес=14.6, Стабилен=False, Подключено=True, Авария=False",
2025-10-23T11:29:55.4856607,Debug,Scalemon.SerialLink.ScaleProcessor,"Отправляю пакет данных: Вес=14.56, Стабилен=False, Подключено=True, Авария=False",
2025-10-23T11:29:55.3896985,Debug,Scalemon.SerialLink.ScaleProcessor,"Отправляю пакет данных: Вес=14.52, Стабилен=False, Подключено=True, Авария=False",
2025-10-23T11:29:55.2934705,Debug,Scalemon.SerialLink.ScaleProcessor,"Отправляю пакет данных: Вес=14.44, Стабилен=False, Подключено=True, Авария=False",
2025-10-23T11:29:55.1973856,Debug,Scalemon.SerialLink.ScaleProcessor,"Отправляю пакет данных: Вес=14.38, Стабилен=False, Подключено=True, Авария=False",
2025-10-23T11:29:55.0853817,Debug,Scalemon.SerialLink.ScaleProcessor,"Отправляю пакет данных: Вес=14.34, Стабилен=False, Подключено=True, Авария=False",
2025-10-23T11:29:54.9898126,Debug,Scalemon.SerialLink.ScaleProcessor,"Отправляю пакет данных: Вес=14.32, Стабилен=False, Подключено=True, Авария=False",
2025-10-23T11:29:54.8936637,Debug,Scalemon.SerialLink.ScaleProcessor,"Отправляю пакет данных: Вес=14.32, Стабилен=False, Подключено=True, Авария=False",
2025-10-23T11:29:54.7976864,Debug,Scalemon.SerialLink.ScaleProcessor,"Отправляю пакет данных: Вес=14.3, Стабилен=False, Подключено=True, Авария=False",
2025-10-23T11:29:54.6859916,Debug,Scalemon.SerialLink.ScaleProcessor,"Отправляю пакет данных: Вес=14.3, Стабилен=False, Подключено=True, Авария=False",
2025-10-23T11:29:54.5900141,Debug,Scalemon.SerialLink.ScaleProcessor,"Отправляю пакет данных: Вес=14.3, Стабилен=False, Подключено=True, Авария=False",
2025-10-23T11:29:54.4940908,Debug,Scalemon.SerialLink.ScaleProcessor,"Отправляю пакет данных: Вес=14.32, Стабилен=False, Подключено=True, Авария=False",
2025-10-23T11:29:54.3973828,Debug,Scalemon.SerialLink.ScaleProcessor,"Отправляю пакет данных: Вес=14.36, Стабилен=False, Подключено=True, Авария=False",
2025-10-23T11:29:54.2861693,Debug,Scalemon.SerialLink.ScaleProcessor,"Отправляю пакет данных: Вес=14.4, Стабилен=False, Подключено=True, Авария=False",
2025-10-23T11:29:54.1901896,Debug,Scalemon.SerialLink.ScaleProcessor,"Отправляю пакет данных: Вес=14.4, Стабилен=False, Подключено=True, Авария=False",
2025-10-23T11:29:54.0938500,Debug,Scalemon.SerialLink.ScaleProcessor,"Отправляю пакет данных: Вес=14.42, Стабилен=False, Подключено=True, Авария=False",
2025-10-23T11:29:53.9980581,Debug,Scalemon.SerialLink.ScaleProcessor,"Отправляю пакет данных: Вес=14.5, Стабилен=False, Подключено=True, Авария=False",
2025-10-23T11:29:53.8863789,Debug,Scalemon.SerialLink.ScaleProcessor,"Отправляю пакет данных: Вес=14.52, Стабилен=False, Подключено=True, Авария=False",
2025-10-23T11:29:53.7904293,Debug,Scalemon.SerialLink.ScaleProcessor,"Отправляю пакет данных: Вес=14.5, Стабилен=False, Подключено=True, Авария=False",
2025-10-23T11:29:53.6944072,Debug,Scalemon.SerialLink.ScaleProcessor,"Отправляю пакет данных: Вес=14.48, Стабилен=False, Подключено=True, Авария=False",
2025-10-23T11:29:53.5982032,Debug,Scalemon.SerialLink.ScaleProcessor,"Отправляю пакет данных: Вес=14.44, Стабилен=False, Подключено=True, Авария=False",
2025-10-23T11:29:53.4866041,Debug,Scalemon.SerialLink.ScaleProcessor,"Отправляю пакет данных: Вес=14.4, Стабилен=False, Подключено=True, Авария=False",
2025-10-23T11:29:53.3906014,Debug,Scalemon.SerialLink.ScaleProcessor,"Отправляю пакет данных: Вес=14.4, Стабилен=False, Подключено=True, Авария=False",
2025-10-23T11:29:53.2946461,Debug,Scalemon.SerialLink.ScaleProcessor,"Отправляю пакет данных: Вес=14.46, Стабилен=False, Подключено=True, Авария=False",
2025-10-23T11:29:53.1984197,Debug,Scalemon.SerialLink.ScaleProcessor,"Отправляю пакет данных: Вес=14.52, Стабилен=False, Подключено=True, Авария=False",
2025-10-23T11:29:53.0960818,Information,Scalemon.SignalBus.SignalBus,Отправка команды на Arduino: Unstable (0x13),
2025-10-23T11:29:53.0864159,Debug,Scalemon.SerialLink.ScaleProcessor,"Отправляю пакет данных: Вес=14.48, Стабилен=False, Подключено=True, Авария=False",
2025-10-23T11:29:53.0003595,Information,Scalemon.FSM.PlateauZeroStateMachine,"FSM получил семпл: Вес=14.46, Текущее состояние=AwaitUnload",
2025-10-23T11:29:52.9908495,Debug,Scalemon.SerialLink.ScaleProcessor,"Отправляю пакет данных: Вес=14.46, Стабилен=True, Подключено=True, Авария=False",
2025-10-23T11:29:52.9031283,Information,Scalemon.FSM.PlateauZeroStateMachine,"FSM получил семпл: Вес=14.46, Текущее состояние=AwaitUnload",
2025-10-23T11:29:52.8468513,Debug,Scalemon.SerialLink.ScaleProcessor,"Отправляю пакет данных: Вес=14.46, Стабилен=True, Подключено=True, Авария=False",
2025-10-23T11:29:52.7422571,Information,Scalemon.SignalBus.SignalBus,Отправка команды на Arduino: Completed (0x14),
2025-10-23T11:29:52.7357978,Information,Scalemon.SignalBus.SignalBus,Отправка команды на Arduino: Unstable (0x13),
2025-10-23T11:29:52.7297727,Debug,Scalemon.FSM.PlateauZeroStateMachine,"→ AwaitUnload (plateau confirmed), peak≈14.46",
2025-10-23T11:29:52.7216992,Debug,Scalemon.FSM.PlateauZeroStateMachine,FSM: Переход из [Weighing] в [AwaitUnload],
2025-10-23T11:29:52.7118277,Information,Scalemon.FSM.PlateauZeroStateMachine,"FSM получил семпл: Вес=14.46, Текущее состояние=Weighing",
2025-10-23T11:29:52.7023952,Debug,Scalemon.SerialLink.ScaleProcessor,"Отправляю пакет данных: Вес=14.46, Стабилен=True, Подключено=True, Авария=False",
2025-10-23T11:29:52.5872414,Debug,Scalemon.FSM.PlateauZeroStateMachine,"→ Weighing (start), peak=14.46",
2025-10-23T11:29:52.5779334,Debug,Scalemon.FSM.PlateauZeroStateMachine,FSM: Переход из [IdleZero] в [Weighing],
2025-10-23T11:29:52.5687892,Information,Scalemon.FSM.PlateauZeroStateMachine,"FSM получил семпл: Вес=14.46, Текущее состояние=IdleZero",
2025-10-23T11:29:52.5582792,Debug,Scalemon.SerialLink.ScaleProcessor,"Отправляю пакет данных: Вес=14.46, Стабилен=True, Подключено=True, Авария=False",
2025-10-23T11:29:52.4470772,Debug,Scalemon.SerialLink.ScaleProcessor,"Отправляю пакет данных: Вес=14.46, Стабилен=False, Подключено=True, Авария=False",
2025-10-23T11:29:52.3510788,Debug,Scalemon.SerialLink.ScaleProcessor,"Отправляю пакет данных: Вес=14.46, Стабилен=False, Подключено=True, Авария=False",
2025-10-23T11:29:52.2548722,Debug,Scalemon.SerialLink.ScaleProcessor,"Отправляю пакет данных: Вес=14.46, Стабилен=False, Подключено=True, Авария=False",
2025-10-23T11:29:52.1582492,Debug,Scalemon.SerialLink.ScaleProcessor,"Отправляю пакет данных: Вес=14.46, Стабилен=False, Подключено=True, Авария=False",
2025-10-23T11:29:52.0469258,Debug,Scalemon.SerialLink.ScaleProcessor,"Отправляю пакет данных: Вес=14.46, Стабилен=False, Подключено=True, Авария=False",
2025-10-23T11:29:51.9512848,Debug,Scalemon.SerialLink.ScaleProcessor,"Отправляю пакет данных: Вес=14.46, Стабилен=False, Подключено=True, Авария=False",
2025-10-23T11:29:51.8548227,Debug,Scalemon.SerialLink.ScaleProcessor,"Отправляю пакет данных: Вес=14.48, Стабилен=False, Подключено=True, Авария=False",
2025-10-23T11:29:51.7591164,Debug,Scalemon.SerialLink.ScaleProcessor,"Отправляю пакет данных: Вес=14.46, Стабилен=False, Подключено=True, Авария=False",
2025-10-23T11:29:51.6473462,Debug,Scalemon.SerialLink.ScaleProcessor,"Отправляю пакет данных: Вес=14.48, Стабилен=False, Подключено=True, Авария=False",
2025-10-23T11:29:51.5511379,Debug,Scalemon.SerialLink.ScaleProcessor,"Отправляю пакет данных: Вес=14.48, Стабилен=False, Подключено=True, Авария=False",
2025-10-23T11:29:51.4551716,Debug,Scalemon.SerialLink.ScaleProcessor,"Отправляю пакет данных: Вес=14.46, Стабилен=False, Подключено=True, Авария=False",
2025-10-23T11:29:51.3592440,Debug,Scalemon.SerialLink.ScaleProcessor,"Отправляю пакет данных: Вес=14.5, Стабилен=False, Подключено=True, Авария=False",
2025-10-23T11:29:51.2475824,Debug,Scalemon.SerialLink.ScaleProcessor,"Отправляю пакет данных: Вес=14.54, Стабилен=False, Подключено=True, Авария=False",
2025-10-23T11:29:51.1515882,Debug,Scalemon.SerialLink.ScaleProcessor,"Отправляю пакет данных: Вес=14.58, Стабилен=False, Подключено=True, Авария=False",
2025-10-23T11:29:51.0553528,Debug,Scalemon.SerialLink.ScaleProcessor,"Отправляю пакет данных: Вес=14.56, Стабилен=False, Подключено=True, Авария=False",
2025-10-23T11:29:50.9590122,Debug,Scalemon.SerialLink.ScaleProcessor,"Отправляю пакет данных: Вес=14.28, Стабилен=False, Подключено=True, Авария=False",
2025-10-23T11:29:50.8477044,Debug,Scalemon.SerialLink.ScaleProcessor,"Отправляю пакет данных: Вес=13.64, Стабилен=False, Подключено=True, Авария=False",
2025-10-23T11:29:50.7517249,Debug,Scalemon.SerialLink.ScaleProcessor,"Отправляю пакет данных: Вес=13.3, Стабилен=False, Подключено=True, Авария=False",
2025-10-23T11:29:50.6557688,Debug,Scalemon.SerialLink.ScaleProcessor,"Отправляю пакет данных: Вес=10.12, Стабилен=False, Подключено=True, Авария=False",
2025-10-23T11:29:50.5595771,Debug,Scalemon.SerialLink.ScaleProcessor,"Отправляю пакет данных: Вес=5.92, Стабилен=False, Подключено=True, Авария=False",
2025-10-23T11:29:50.4478641,Debug,Scalemon.SerialLink.ScaleProcessor,"Отправляю пакет данных: Вес=5.92, Стабилен=False, Подключено=True, Авария=False",
2025-10-23T11:29:50.3128173,Information,Scalemon.SignalBus.SignalBus,Отправка команды на Arduino: Unstable (0x13),
2025-10-23T11:29:50.3033935,Debug,Scalemon.SerialLink.ScaleProcessor,"Отправляю пакет данных: Вес=1.54, Стабилен=False, Подключено=True, Авария=False",
2025-10-23T11:29:47.4666363,Information,Scalemon.FSM.PlateauZeroStateMachine,"FSM получил семпл: Вес=0, Текущее состояние=IdleZero",
2025-10-23T11:29:47.4572268,Debug,Scalemon.SerialLink.ScaleProcessor,"Отправляю пакет данных: Вес=0, Стабилен=True, Подключено=True, Авария=False",
2025-10-23T11:29:47.3486870,Information,Scalemon.SignalBus.SignalBus,Отправка команды на Arduino: Idle (0x12),
2025-10-23T11:29:47.3423782,Information,Scalemon.SignalBus.SignalBus,Отправка команды на Arduino: Unstable (0x13),
2025-10-23T11:29:47.3344942,Information,Scalemon.FSM.PlateauZeroStateMachine,→ IdleZero,
2025-10-23T11:29:47.3250601,Debug,Scalemon.FSM.PlateauZeroStateMachine,FSM: Переход из [WaitZeroAfterTare] в [IdleZero],
2025-10-23T11:29:47.3158524,Information,Scalemon.FSM.PlateauZeroStateMachine,Автоноль подтверждён стабильным нулём,
2025-10-23T11:29:47.3061123,Information,Scalemon.FSM.PlateauZeroStateMachine,"FSM получил семпл: Вес=0, Текущее состояние=WaitZeroAfterTare",
2025-10-23T11:29:47.2972868,Debug,Scalemon.SerialLink.ScaleProcessor,"Отправляю пакет данных: Вес=0, Стабилен=True, Подключено=True, Авария=False",
2025-10-23T11:29:47.2098505,Information,Scalemon.FSM.PlateauZeroStateMachine,"FSM получил семпл: Вес=0, Текущее состояние=WaitZeroAfterTare",
2025-10-23T11:29:47.2013468,Debug,Scalemon.SerialLink.ScaleProcessor,"Отправляю пакет данных: Вес=0, Стабилен=True, Подключено=True, Авария=False",
2025-10-23T11:29:47.0667402,Information,Scalemon.FSM.PlateauZeroStateMachine,"FSM получил семпл: Вес=-0.02, Текущее состояние=WaitZeroAfterTare",
2025-10-23T11:29:47.0573914,Debug,Scalemon.SerialLink.ScaleProcessor,"Отправляю пакет данных: Вес=-0.02, Стабилен=True, Подключено=True, Авария=False",
2025-10-23T11:29:46.9477757,Debug,Scalemon.FSM.PlateauZeroStateMachine,→ WaitZeroAfterTare (timeout at 2025-10-23T06:29:50.9392565Z),
2025-10-23T11:29:46.9392944,Debug,Scalemon.FSM.PlateauZeroStateMachine,FSM: Переход из [TarePending] в [WaitZeroAfterTare],
2025-10-23T11:29:46.9297326,Information,Scalemon.SerialLink.ScaleProcessor,Команда >0< выполнена успешно,
2025-10-23T11:29:46.8541417,Debug,Scalemon.FSM.PlateauZeroStateMachine,→ TarePending,
2025-10-23T11:29:46.8484844,Debug,Scalemon.FSM.PlateauZeroStateMachine,FSM: Переход из [PostUnload] в [TarePending],
2025-10-23T11:29:46.8428685,Information,Scalemon.SqlDataAccess.SqlDataAccess,Записано взвешивание: 15.58,
2025-10-23T11:29:46.8348089,Information,Scalemon.FSM.PlateauZeroStateMachine,"Запись взвешивания: net=15.58kg (peak=15.58, tail=0, flags=NegativeTared)",
2025-10-23T11:29:46.8288800,Debug,Scalemon.FSM.PlateauZeroStateMachine,→ PostUnload,
2025-10-23T11:29:46.8199451,Debug,Scalemon.FSM.PlateauZeroStateMachine,FSM: Переход из [AwaitUnload] в [PostUnload],
2025-10-23T11:29:46.8108528,Information,Scalemon.FSM.PlateauZeroStateMachine,"FSM получил семпл: Вес=-0.02, Текущее состояние=AwaitUnload",
2025-10-23T11:29:46.8016083,Debug,Scalemon.SerialLink.ScaleProcessor,"Отправляю пакет данных: Вес=-0.02, Стабилен=True, Подключено=True, Авария=False",
2025-10-23T11:29:46.6681227,Information,Scalemon.FSM.PlateauZeroStateMachine,"FSM получил семпл: Вес=-0.02, Текущее состояние=AwaitUnload",
2025-10-23T11:29:46.6575702,Debug,Scalemon.SerialLink.ScaleProcessor,"Отправляю пакет данных: Вес=-0.02, Стабилен=True, Подключено=True, Авария=False",
2025-10-23T11:29:46.5613555,Debug,Scalemon.SerialLink.ScaleProcessor,"Отправляю пакет данных: Вес=0, Стабилен=False, Подключено=True, Авария=False",
2025-10-23T11:29:46.4651264,Debug,Scalemon.SerialLink.ScaleProcessor,"Отправляю пакет данных: Вес=0.04, Стабилен=False, Подключено=True, Авария=False",
2025-10-23T11:29:46.3536842,Debug,Scalemon.SerialLink.ScaleProcessor,"Отправляю пакет данных: Вес=0.28, Стабилен=False, Подключено=True, Авария=False",
2025-10-23T11:29:46.2577079,Debug,Scalemon.SerialLink.ScaleProcessor,"Отправляю пакет данных: Вес=4.8, Стабилен=False, Подключено=True, Авария=False",
2025-10-23T11:29:46.1615182,Debug,Scalemon.SerialLink.ScaleProcessor,"Отправляю пакет данных: Вес=7.8, Стабилен=False, Подключено=True, Авария=False",
2025-10-23T11:29:46.0652809,Debug,Scalemon.SerialLink.ScaleProcessor,"Отправляю пакет данных: Вес=7.8, Стабилен=False, Подключено=True, Авария=False",
2025-10-23T11:29:45.9538671,Debug,Scalemon.SerialLink.ScaleProcessor,"Отправляю пакет данных: Вес=9.6, Стабилен=False, Подключено=True, Авария=False",
2025-10-23T11:29:45.8576611,Debug,Scalemon.SerialLink.ScaleProcessor,"Отправляю пакет данных: Вес=11.06, Стабилен=False, Подключено=True, Авария=False",
2025-10-23T11:29:45.7617227,Debug,Scalemon.SerialLink.ScaleProcessor,"Отправляю пакет данных: Вес=12.36, Стабилен=False, Подключено=True, Авария=False",
2025-10-23T11:29:45.6655181,Debug,Scalemon.SerialLink.ScaleProcessor,"Отправляю пакет данных: Вес=13.6, Стабилен=False, Подключено=True, Авария=False",
2025-10-23T11:29:45.5541359,Debug,Scalemon.SerialLink.ScaleProcessor,"Отправляю пакет данных: Вес=14.46, Стабилен=False, Подключено=True, Авария=False",
2025-10-23T11:29:45.4581543,Debug,Scalemon.SerialLink.ScaleProcessor,"Отправляю пакет данных: Вес=15.04, Стабилен=False, Подключено=True, Авария=False",
2025-10-23T11:29:45.3619381,Debug,Scalemon.SerialLink.ScaleProcessor,"Отправляю пакет данных: Вес=15.84, Стабилен=False, Подключено=True, Авария=False",
2025-10-23T11:29:45.2654566,Debug,Scalemon.SerialLink.ScaleProcessor,"Отправляю пакет данных: Вес=16, Стабилен=False, Подключено=True, Авария=False",
2025-10-23T11:29:45.1542071,Debug,Scalemon.SerialLink.ScaleProcessor,"Отправляю пакет данных: Вес=15.92, Стабилен=False, Подключено=True, Авария=False",
2025-10-23T11:29:45.0193628,Information,Scalemon.SignalBus.SignalBus,Отправка команды на Arduino: Unstable (0x13),
2025-10-23T11:29:45.0098180,Debug,Scalemon.SerialLink.ScaleProcessor,"Отправляю пакет данных: Вес=15.7, Стабилен=False, Подключено=True, Авария=False",
2025-10-23T11:29:44.8741668,Information,Scalemon.FSM.PlateauZeroStateMachine,"FSM получил семпл: Вес=15.58, Текущее состояние=AwaitUnload",
2025-10-23T11:29:44.8661337,Debug,Scalemon.SerialLink.ScaleProcessor,"Отправляю пакет данных: Вес=15.58, Стабилен=True, Подключено=True, Авария=False",
2025-10-23T11:29:44.7617344,Information,Scalemon.FSM.PlateauZeroStateMachine,"FSM получил семпл: Вес=15.58, Текущее состояние=AwaitUnload",
2025-10-23T11:29:44.7536581,Debug,Scalemon.SerialLink.ScaleProcessor,"Отправляю пакет данных: Вес=15.58, Стабилен=True, Подключено=True, Авария=False",
2025-10-23T11:29:44.6197234,Information,Scalemon.FSM.PlateauZeroStateMachine,"FSM получил семпл: Вес=15.58, Текущее состояние=AwaitUnload",
2025-10-23T11:29:44.6100711,Debug,Scalemon.SerialLink.ScaleProcessor,"Отправляю пакет данных: Вес=15.58, Стабилен=True, Подключено=True, Авария=False",
2025-10-23T11:29:44.4757070,Information,Scalemon.FSM.PlateauZeroStateMachine,"FSM получил семпл: Вес=15.58, Текущее состояние=AwaitUnload",
2025-10-23T11:29:44.4664644,Debug,Scalemon.SerialLink.ScaleProcessor,"Отправляю пакет данных: Вес=15.58, Стабилен=True, Подключено=True, Авария=False",
2025-10-23T11:29:44.3641194,Information,Scalemon.FSM.PlateauZeroStateMachine,"FSM получил семпл: Вес=15.58, Текущее состояние=AwaitUnload",
2025-10-23T11:29:44.3546096,Debug,Scalemon.SerialLink.ScaleProcessor,"Отправляю пакет данных: Вес=15.58, Стабилен=True, Подключено=True, Авария=False",
2025-10-23T11:29:44.2199504,Information,Scalemon.FSM.PlateauZeroStateMachine,"FSM получил семпл: Вес=15.58, Текущее состояние=AwaitUnload",
2025-10-23T11:29:44.2101660,Debug,Scalemon.SerialLink.ScaleProcessor,"Отправляю пакет данных: Вес=15.58, Стабилен=True, Подключено=True, Авария=False",
2025-10-23T11:29:44.0760643,Information,Scalemon.FSM.PlateauZeroStateMachine,"FSM получил семпл: Вес=15.58, Текущее состояние=AwaitUnload",
2025-10-23T11:29:44.0664546,Debug,Scalemon.SerialLink.ScaleProcessor,"Отправляю пакет данных: Вес=15.58, Стабилен=True, Подключено=True, Авария=False",
2025-10-23T11:29:43.9648128,Information,Scalemon.FSM.PlateauZeroStateMachine,"FSM получил семпл: Вес=15.58, Текущее состояние=AwaitUnload",
2025-10-23T11:29:43.9548490,Debug,Scalemon.SerialLink.ScaleProcessor,"Отправляю пакет данных: Вес=15.58, Стабилен=True, Подключено=True, Авария=False",
2025-10-23T11:29:43.8198666,Information,Scalemon.FSM.PlateauZeroStateMachine,"FSM получил семпл: Вес=15.58, Текущее состояние=AwaitUnload",
2025-10-23T11:29:43.8103250,Debug,Scalemon.SerialLink.ScaleProcessor,"Отправляю пакет данных: Вес=15.58, Стабилен=True, Подключено=True, Авария=False",
2025-10-23T11:29:43.6770244,Information,Scalemon.FSM.PlateauZeroStateMachine,"FSM получил семпл: Вес=15.58, Текущее состояние=AwaitUnload",
2025-10-23T11:29:43.6666655,Debug,Scalemon.SerialLink.ScaleProcessor,"Отправляю пакет данных: Вес=15.58, Стабилен=True, Подключено=True, Авария=False",
2025-10-23T11:29:43.5640952,Information,Scalemon.FSM.PlateauZeroStateMachine,"FSM получил семпл: Вес=15.58, Текущее состояние=AwaitUnload",
2025-10-23T11:29:43.5549520,Debug,Scalemon.SerialLink.ScaleProcessor,"Отправляю пакет данных: Вес=15.58, Стабилен=True, Подключено=True, Авария=False",
2025-10-23T11:29:43.4199582,Information,Scalemon.FSM.PlateauZeroStateMachine,"FSM получил семпл: Вес=15.58, Текущее состояние=AwaitUnload",
2025-10-23T11:29:43.4105024,Debug,Scalemon.SerialLink.ScaleProcessor,"Отправляю пакет данных: Вес=15.58, Стабилен=True, Подключено=True, Авария=False",
2025-10-23T11:29:43.2759626,Information,Scalemon.FSM.PlateauZeroStateMachine,"FSM получил семпл: Вес=15.58, Текущее состояние=AwaitUnload",
2025-10-23T11:29:43.2668524,Debug,Scalemon.SerialLink.ScaleProcessor,"Отправляю пакет данных: Вес=15.58, Стабилен=True, Подключено=True, Авария=False",
2025-10-23T11:29:43.1473224,Information,Scalemon.SignalBus.SignalBus,Отправка команды на Arduino: Completed (0x14),
2025-10-23T11:29:43.1404151,Information,Scalemon.SignalBus.SignalBus,Отправка команды на Arduino: Unstable (0x13),
2025-10-23T11:29:43.1336968,Debug,Scalemon.FSM.PlateauZeroStateMachine,"→ AwaitUnload (plateau confirmed), peak≈15.58",
2025-10-23T11:29:43.1250990,Debug,Scalemon.FSM.PlateauZeroStateMachine,FSM: Переход из [Weighing] в [AwaitUnload],
2025-10-23T11:29:43.1156882,Information,Scalemon.FSM.PlateauZeroStateMachine,"FSM получил семпл: Вес=15.58, Текущее состояние=Weighing",
2025-10-23T11:29:43.1068774,Debug,Scalemon.SerialLink.ScaleProcessor,"Отправляю пакет данных: Вес=15.58, Стабилен=True, Подключено=True, Авария=False",
2025-10-23T11:29:42.9900549,Debug,Scalemon.FSM.PlateauZeroStateMachine,"→ Weighing (start), peak=15.58",
2025-10-23T11:29:42.9812898,Debug,Scalemon.FSM.PlateauZeroStateMachine,FSM: Переход из [IdleZero] в [Weighing],
2025-10-23T11:29:42.9729779,Information,Scalemon.FSM.PlateauZeroStateMachine,"FSM получил семпл: Вес=15.58, Текущее состояние=IdleZero",
2025-10-23T11:29:42.9632262,Debug,Scalemon.SerialLink.ScaleProcessor,"Отправляю пакет данных: Вес=15.58, Стабилен=True, Подключено=True, Авария=False",
2025-10-23T11:29:42.8032946,Debug,Scalemon.SerialLink.ScaleProcessor,"Отправляю пакет данных: Вес=15.58, Стабилен=False, Подключено=True, Авария=False",
2025-10-23T11:29:42.7065771,Debug,Scalemon.SerialLink.ScaleProcessor,"Отправляю пакет данных: Вес=15.58, Стабилен=False, Подключено=True, Авария=False",
2025-10-23T11:29:42.6108265,Debug,Scalemon.SerialLink.ScaleProcessor,"Отправляю пакет данных: Вес=15.6, Стабилен=False, Подключено=True, Авария=False",
2025-10-23T11:29:42.4993963,Debug,Scalemon.SerialLink.ScaleProcessor,"Отправляю пакет данных: Вес=15.6, Стабилен=False, Подключено=True, Авария=False",
2025-10-23T11:29:42.4034109,Debug,Scalemon.SerialLink.ScaleProcessor,"Отправляю пакет данных: Вес=15.6, Стабилен=False, Подключено=True, Авария=False",
2025-10-23T11:29:42.3070031,Debug,Scalemon.SerialLink.ScaleProcessor,"Отправляю пакет данных: Вес=15.72, Стабилен=False, Подключено=True, Авария=False",
2025-10-23T11:29:42.2108437,Debug,Scalemon.SerialLink.ScaleProcessor,"Отправляю пакет данных: Вес=15.66, Стабилен=False, Подключено=True, Авария=False",
2025-10-23T11:29:42.0986283,Debug,Scalemon.SerialLink.ScaleProcessor,"Отправляю пакет данных: Вес=15.5, Стабилен=False, Подключено=True, Авария=False",
2025-10-23T11:29:42.0025818,Debug,Scalemon.SerialLink.ScaleProcessor,"Отправляю пакет данных: Вес=15.5, Стабилен=False, Подключено=True, Авария=False",
2025-10-23T11:29:41.9076614,Debug,Scalemon.SerialLink.ScaleProcessor,"Отправляю пакет данных: Вес=15.1, Стабилен=False, Подключено=True, Авария=False",
2025-10-23T11:29:41.8128249,Debug,Scalemon.SerialLink.ScaleProcessor,"Отправляю пакет данных: Вес=14.78, Стабилен=False, Подключено=True, Авария=False",
2025-10-23T11:29:41.6988642,Debug,Scalemon.SerialLink.ScaleProcessor,"Отправляю пакет данных: Вес=13.1, Стабилен=False, Подключено=True, Авария=False",
2025-10-23T11:29:41.5712605,Debug,Scalemon.SerialLink.ScaleProcessor,"Отправляю пакет данных: Вес=1.3, Стабилен=False, Подключено=True, Авария=False",
2025-10-23T11:29:41.4598545,Debug,Scalemon.SerialLink.ScaleProcessor,"Отправляю пакет данных: Вес=0.28, Стабилен=False, Подключено=True, Авария=False",
2025-10-23T11:29:41.3638763,Information,Scalemon.SignalBus.SignalBus,Отправка команды на Arduino: Unstable (0x13),
2025-10-23T11:29:37.6693143,Information,Scalemon.FSM.PlateauZeroStateMachine,"FSM получил семпл: Вес=0, Текущее состояние=IdleZero",
2025-10-23T11:29:37.5698873,Information,Scalemon.SignalBus.SignalBus,Отправка команды на Arduino: Idle (0x12),
2025-10-23T11:29:37.5635049,Information,Scalemon.SignalBus.SignalBus,Отправка команды на Arduino: Unstable (0x13),
2025-10-23T11:29:37.5574698,Information,Scalemon.FSM.PlateauZeroStateMachine,→ IdleZero,
2025-10-23T11:29:37.5512489,Debug,Scalemon.FSM.PlateauZeroStateMachine,FSM: Переход из [PostUnload] в [IdleZero],
2025-10-23T11:29:37.5455782,Information,Scalemon.SqlDataAccess.SqlDataAccess,Записано взвешивание: 15.46,
2025-10-23T11:29:37.5356745,Information,Scalemon.FSM.PlateauZeroStateMachine,"Запись взвешивания: net=15.46kg (peak=15.46, tail=0, flags=None)",
2025-10-23T11:29:37.5272274,Debug,Scalemon.FSM.PlateauZeroStateMachine,→ PostUnload,
2025-10-23T11:29:37.5186485,Debug,Scalemon.FSM.PlateauZeroStateMachine,FSM: Переход из [AwaitUnload] в [PostUnload],
2025-10-23T11:29:37.5096187,Information,Scalemon.FSM.PlateauZeroStateMachine,"FSM получил семпл: Вес=0, Текущее состояние=AwaitUnload",
2025-10-23T11:29:37.4225751,Information,Scalemon.FSM.PlateauZeroStateMachine,"FSM получил семпл: Вес=0, Текущее состояние=AwaitUnload",
2025-10-23T11:29:37.4133239,Debug,Scalemon.SerialLink.ScaleProcessor,"Отправляю пакет данных: Вес=0, Стабилен=True, Подключено=True, Авария=False",
2025-10-23T11:29:37.3171319,Debug,Scalemon.SerialLink.ScaleProcessor,"Отправляю пакет данных: Вес=0, Стабилен=False, Подключено=True, Авария=False",
2025-10-23T11:29:37.2056257,Debug,Scalemon.SerialLink.ScaleProcessor,"Отправляю пакет данных: Вес=0, Стабилен=False, Подключено=True, Авария=False",
2025-10-23T11:29:37.1097381,Debug,Scalemon.SerialLink.ScaleProcessor,"Отправляю пакет данных: Вес=0.16, Стабилен=False, Подключено=True, Авария=False",
2025-10-23T11:29:37.0135027,Debug,Scalemon.SerialLink.ScaleProcessor,"Отправляю пакет данных: Вес=2.8, Стабилен=False, Подключено=True, Авария=False",
2025-10-23T11:29:36.9172967,Debug,Scalemon.SerialLink.ScaleProcessor,"Отправляю пакет данных: Вес=5.8, Стабилен=False, Подключено=True, Авария=False",
2025-10-23T11:29:36.8058839,Debug,Scalemon.SerialLink.ScaleProcessor,"Отправляю пакет данных: Вес=8.7, Стабилен=False, Подключено=True, Авария=False",
2025-10-23T11:29:36.7099447,Debug,Scalemon.SerialLink.ScaleProcessor,"Отправляю пакет данных: Вес=8.7, Стабилен=False, Подключено=True, Авария=False",
2025-10-23T11:29:36.6136951,Debug,Scalemon.SerialLink.ScaleProcessor,"Отправляю пакет данных: Вес=8.7, Стабилен=False, Подключено=True, Авария=False",
2025-10-23T11:29:36.5170324,Debug,Scalemon.SerialLink.ScaleProcessor,"Отправляю пакет данных: Вес=11.32, Стабилен=False, Подключено=True, Авария=False",
2025-10-23T11:29:36.4060479,Debug,Scalemon.SerialLink.ScaleProcessor,"Отправляю пакет данных: Вес=13.5, Стабилен=False, Подключено=True, Авария=False",
2025-10-23T11:29:36.3100589,Debug,Scalemon.SerialLink.ScaleProcessor,"Отправляю пакет данных: Вес=15.3, Стабилен=False, Подключено=True, Авария=False",
2025-10-23T11:29:36.2138301,Debug,Scalemon.SerialLink.ScaleProcessor,"Отправляю пакет данных: Вес=15.94, Стабилен=False, Подключено=True, Авария=False",
2025-10-23T11:29:36.1176357,Debug,Scalemon.SerialLink.ScaleProcessor,"Отправляю пакет данных: Вес=15.88, Стабилен=False, Подключено=True, Авария=False",
2025-10-23T11:29:36.0062138,Debug,Scalemon.SerialLink.ScaleProcessor,"Отправляю пакет данных: Вес=15.6, Стабилен=False, Подключено=True, Авария=False",
2025-10-23T11:29:35.8777686,Debug,Scalemon.SerialLink.ScaleProcessor,"Отправляю пакет данных: Вес=15.5, Стабилен=False, Подключено=True, Авария=False",
2025-10-23T11:29:35.7274591,Information,Scalemon.SignalBus.SignalBus,Отправка команды на Arduino: Unstable (0x13),
2025-10-23T11:29:35.7179456,Debug,Scalemon.SerialLink.ScaleProcessor,"Отправляю пакет данных: Вес=15.5, Стабилен=False, Подключено=True, Авария=False",
2025-10-23T11:29:35.6156827,Information,Scalemon.FSM.PlateauZeroStateMachine,"FSM получил семпл: Вес=15.46, Текущее состояние=AwaitUnload",
2025-10-23T11:29:35.6064195,Debug,Scalemon.SerialLink.ScaleProcessor,"Отправляю пакет данных: Вес=15.46, Стабилен=True, Подключено=True, Авария=False",
2025-10-23T11:29:35.5194425,Information,Scalemon.FSM.PlateauZeroStateMachine,"FSM получил семпл: Вес=15.46, Текущее состояние=AwaitUnload",
2025-10-23T11:29:35.5103497,Debug,Scalemon.SerialLink.ScaleProcessor,"Отправляю пакет данных: Вес=15.46, Стабилен=True, Подключено=True, Авария=False",
2025-10-23T11:29:35.4236302,Information,Scalemon.FSM.PlateauZeroStateMachine,"FSM получил семпл: Вес=15.46, Текущее состояние=AwaitUnload",
2025-10-23T11:29:35.4142112,Debug,Scalemon.SerialLink.ScaleProcessor,"Отправляю пакет данных: Вес=15.46, Стабилен=True, Подключено=True, Авария=False",
2025-10-23T11:29:35.3274220,Information,Scalemon.FSM.PlateauZeroStateMachine,"FSM получил семпл: Вес=15.46, Текущее состояние=AwaitUnload",
2025-10-23T11:29:35.3182606,Debug,Scalemon.SerialLink.ScaleProcessor,"Отправляю пакет данных: Вес=15.46, Стабилен=True, Подключено=True, Авария=False",
2025-10-23T11:29:35.1873472,Information,Scalemon.FSM.PlateauZeroStateMachine,"FSM получил семпл: Вес=15.46, Текущее состояние=AwaitUnload",
2025-10-23T11:29:35.1743210,Debug,Scalemon.SerialLink.ScaleProcessor,"Отправляю пакет данных: Вес=15.46, Стабилен=True, Подключено=True, Авария=False",
2025-10-23T11:29:35.0602453,Information,Scalemon.SignalBus.SignalBus,Отправка команды на Arduino: Completed (0x14),
2025-10-23T11:29:35.0529977,Information,Scalemon.SignalBus.SignalBus,Отправка команды на Arduino: Unstable (0x13),
2025-10-23T11:29:35.0442470,Debug,Scalemon.FSM.PlateauZeroStateMachine,"→ AwaitUnload (plateau confirmed), peak≈15.46",
2025-10-23T11:29:35.0340271,Debug,Scalemon.FSM.PlateauZeroStateMachine,FSM: Переход из [Weighing] в [AwaitUnload],
2025-10-23T11:29:35.0241487,Information,Scalemon.FSM.PlateauZeroStateMachine,"FSM получил семпл: Вес=15.46, Текущее состояние=Weighing",
2025-10-23T11:29:35.0146552,Debug,Scalemon.SerialLink.ScaleProcessor,"Отправляю пакет данных: Вес=15.46, Стабилен=True, Подключено=True, Авария=False",
2025-10-23T11:29:34.9184227,Debug,Scalemon.SerialLink.ScaleProcessor,"Отправляю пакет данных: Вес=15.46, Стабилен=False, Подключено=True, Авария=False",
2025-10-23T11:29:34.8067463,Debug,Scalemon.SerialLink.ScaleProcessor,"Отправляю пакет данных: Вес=15.46, Стабилен=False, Подключено=True, Авария=False",
2025-10-23T11:29:34.7108249,Debug,Scalemon.SerialLink.ScaleProcessor,"Отправляю пакет данных: Вес=15.48, Стабилен=False, Подключено=True, Авария=False",
2025-10-23T11:29:34.6148523,Debug,Scalemon.SerialLink.ScaleProcessor,"Отправляю пакет данных: Вес=15.56, Стабилен=False, Подключено=True, Авария=False",
2025-10-23T11:29:34.5186278,Debug,Scalemon.SerialLink.ScaleProcessor,"Отправляю пакет данных: Вес=15.58, Стабилен=False, Подключено=True, Авария=False",
2025-10-23T11:29:34.4068805,Debug,Scalemon.SerialLink.ScaleProcessor,"Отправляю пакет данных: Вес=15.54, Стабилен=False, Подключено=True, Авария=False",
2025-10-23T11:29:34.3109289,Debug,Scalemon.SerialLink.ScaleProcessor,"Отправляю пакет данных: Вес=15.54, Стабилен=False, Подключено=True, Авария=False",
2025-10-23T11:29:34.2150268,Debug,Scalemon.SerialLink.ScaleProcessor,"Отправляю пакет данных: Вес=15.5, Стабилен=False, Подключено=True, Авария=False",
2025-10-23T11:29:34.1187784,Debug,Scalemon.SerialLink.ScaleProcessor,"Отправляю пакет данных: Вес=15.46, Стабилен=False, Подключено=True, Авария=False",
2025-10-23T11:29:34.0002408,Debug,Scalemon.FSM.PlateauZeroStateMachine,"→ Weighing (start), peak=15.44",
2025-10-23T11:29:33.9918505,Debug,Scalemon.FSM.PlateauZeroStateMachine,FSM: Переход из [IdleZero] в [Weighing],
2025-10-23T11:29:33.9832722,Information,Scalemon.FSM.PlateauZeroStateMachine,"FSM получил семпл: Вес=15.44, Текущее состояние=IdleZero",
2025-10-23T11:29:33.9748875,Debug,Scalemon.SerialLink.ScaleProcessor,"Отправляю пакет данных: Вес=15.44, Стабилен=True, Подключено=True, Авария=False",
2025-10-23T11:29:33.8786806,Debug,Scalemon.SerialLink.ScaleProcessor,"Отправляю пакет данных: Вес=15.46, Стабилен=False, Подключено=True, Авария=False",
2025-10-23T11:29:33.7672350,Debug,Scalemon.SerialLink.ScaleProcessor,"Отправляю пакет данных: Вес=15.46, Стабилен=False, Подключено=True, Авария=False",
2025-10-23T11:29:33.6709935,Debug,Scalemon.SerialLink.ScaleProcessor,"Отправляю пакет данных: Вес=15.44, Стабилен=False, Подключено=True, Авария=False",
2025-10-23T11:29:33.5750641,Debug,Scalemon.SerialLink.ScaleProcessor,"Отправляю пакет данных: Вес=15.44, Стабилен=False, Подключено=True, Авария=False",
2025-10-23T11:29:33.4786307,Debug,Scalemon.SerialLink.ScaleProcessor,"Отправляю пакет данных: Вес=15.44, Стабилен=False, Подключено=True, Авария=False",
2025-10-23T11:29:33.3674530,Debug,Scalemon.SerialLink.ScaleProcessor,"Отправляю пакет данных: Вес=15.42, Стабилен=False, Подключено=True, Авария=False",
2025-10-23T11:29:33.2714914,Debug,Scalemon.SerialLink.ScaleProcessor,"Отправляю пакет данных: Вес=15.42, Стабилен=False, Подключено=True, Авария=False",
2025-10-23T11:29:33.1751090,Debug,Scalemon.SerialLink.ScaleProcessor,"Отправляю пакет данных: Вес=15.44, Стабилен=False, Подключено=True, Авария=False",
2025-10-23T11:29:33.0790689,Debug,Scalemon.SerialLink.ScaleProcessor,"Отправляю пакет данных: Вес=15.44, Стабилен=False, Подключено=True, Авария=False",
2025-10-23T11:29:32.9676432,Debug,Scalemon.SerialLink.ScaleProcessor,"Отправляю пакет данных: Вес=15.44, Стабилен=False, Подключено=True, Авария=False",
2025-10-23T11:29:32.8716545,Debug,Scalemon.SerialLink.ScaleProcessor,"Отправляю пакет данных: Вес=15.46, Стабилен=False, Подключено=True, Авария=False",
2025-10-23T11:29:32.7753857,Debug,Scalemon.SerialLink.ScaleProcessor,"Отправляю пакет данных: Вес=15.44, Стабилен=False, Подключено=True, Авария=False",
2025-10-23T11:29:32.6794378,Debug,Scalemon.SerialLink.ScaleProcessor,"Отправляю пакет данных: Вес=15.44, Стабилен=False, Подключено=True, Авария=False",
2025-10-23T11:29:32.5677840,Debug,Scalemon.SerialLink.ScaleProcessor,"Отправляю пакет данных: Вес=15.44, Стабилен=False, Подключено=True, Авария=False",
2025-10-23T11:29:32.4717885,Debug,Scalemon.SerialLink.ScaleProcessor,"Отправляю пакет данных: Вес=15.48, Стабилен=False, Подключено=True, Авария=False",
2025-10-23T11:29:32.3755785,Debug,Scalemon.SerialLink.ScaleProcessor,"Отправляю пакет данных: Вес=15.58, Стабилен=False, Подключено=True, Авария=False",
2025-10-23T11:29:32.2796218,Debug,Scalemon.SerialLink.ScaleProcessor,"Отправляю пакет данных: Вес=15.66, Стабилен=False, Подключено=True, Авария=False",
2025-10-23T11:29:32.1679234,Debug,Scalemon.SerialLink.ScaleProcessor,"Отправляю пакет данных: Вес=15.74, Стабилен=False, Подключено=True, Авария=False",
2025-10-23T11:29:32.0719645,Debug,Scalemon.SerialLink.ScaleProcessor,"Отправляю пакет данных: Вес=15.58, Стабилен=False, Подключено=True, Авария=False",
2025-10-23T11:29:31.9757004,Debug,Scalemon.SerialLink.ScaleProcessor,"Отправляю пакет данных: Вес=15.58, Стабилен=False, Подключено=True, Авария=False",
2025-10-23T11:29:31.8797508,Debug,Scalemon.SerialLink.ScaleProcessor,"Отправляю пакет данных: Вес=15.9, Стабилен=False, Подключено=True, Авария=False",
2025-10-23T11:29:31.7681076,Debug,Scalemon.SerialLink.ScaleProcessor,"Отправляю пакет данных: Вес=14.92, Стабилен=False, Подключено=True, Авария=False",
2025-10-23T11:29:31.6721367,Debug,Scalemon.SerialLink.ScaleProcessor,"Отправляю пакет данных: Вес=13.46, Стабилен=False, Подключено=True, Авария=False",
2025-10-23T11:29:31.5759080,Debug,Scalemon.SerialLink.ScaleProcessor,"Отправляю пакет данных: Вес=12.92, Стабилен=False, Подключено=True, Авария=False",
2025-10-23T11:29:31.4799009,Debug,Scalemon.SerialLink.ScaleProcessor,"Отправляю пакет данных: Вес=15.1, Стабилен=False, Подключено=True, Авария=False",
2025-10-23T11:29:31.3677188,Debug,Scalemon.SerialLink.ScaleProcessor,"Отправляю пакет данных: Вес=14.38, Стабилен=False, Подключено=True, Авария=False",
2025-10-23T11:29:31.2720308,Debug,Scalemon.SerialLink.ScaleProcessor,"Отправляю пакет данных: Вес=10.14, Стабилен=False, Подключено=True, Авария=False",
2025-10-23T11:29:31.1760157,Debug,Scalemon.SerialLink.ScaleProcessor,"Отправляю пакет данных: Вес=10.14, Стабилен=False, Подключено=True, Авария=False",
2025-10-23T11:29:31.0801132,Debug,Scalemon.SerialLink.ScaleProcessor,"Отправляю пакет данных: Вес=3.98, Стабилен=False, Подключено=True, Авария=False",
2025-10-23T11:29:30.9684485,Debug,Scalemon.SerialLink.ScaleProcessor,"Отправляю пакет данных: Вес=0.26, Стабилен=False, Подключено=True, Авария=False",
2025-10-23T11:29:30.8724698,Debug,Scalemon.SerialLink.ScaleProcessor,"Отправляю пакет данных: Вес=0.2, Стабилен=False, Подключено=True, Авария=False",
2025-10-23T11:29:30.7765968,Debug,Scalemon.SerialLink.ScaleProcessor,"Отправляю пакет данных: Вес=0.12, Стабилен=False, Подключено=True, Авария=False",
2025-10-23T11:29:30.6803351,Debug,Scalemon.SerialLink.ScaleProcessor,"Отправляю пакет данных: Вес=0.12, Стабилен=False, Подключено=True, Авария=False",
2025-10-23T11:29:30.5686280,Information,Scalemon.SignalBus.SignalBus,Отправка команды на Arduino: Unstable (0x13),
2025-10-23T11:29:22.5877775,Information,Scalemon.FSM.PlateauZeroStateMachine,"FSM получил семпл: Вес=0, Текущее состояние=IdleZero",
2025-10-23T11:29:22.4898248,Information,Scalemon.SignalBus.SignalBus,Отправка команды на Arduino: Idle (0x12),
2025-10-23T11:29:22.4837144,Information,Scalemon.SignalBus.SignalBus,Отправка команды на Arduino: Unstable (0x13),
2025-10-23T11:29:22.4777161,Information,Scalemon.FSM.PlateauZeroStateMachine,→ IdleZero,
2025-10-23T11:29:22.4720195,Debug,Scalemon.FSM.PlateauZeroStateMachine,FSM: Переход из [PostUnload] в [IdleZero],
2025-10-23T11:29:22.4662223,Information,Scalemon.SqlDataAccess.SqlDataAccess,Записано взвешивание: 13.06,
2025-10-23T11:29:22.4559677,Information,Scalemon.FSM.PlateauZeroStateMachine,"Запись взвешивания: net=13.06kg (peak=13.06, tail=0, flags=None)",
2025-10-23T11:29:22.4467768,Debug,Scalemon.FSM.PlateauZeroStateMachine,→ PostUnload,
2025-10-23T11:29:22.4374879,Debug,Scalemon.FSM.PlateauZeroStateMachine,FSM: Переход из [AwaitUnload] в [PostUnload],
2025-10-23T11:29:22.4280585,Information,Scalemon.FSM.PlateauZeroStateMachine,"FSM получил семпл: Вес=0, Текущее состояние=AwaitUnload",
2025-10-23T11:29:22.2934094,Information,Scalemon.FSM.PlateauZeroStateMachine,"FSM получил семпл: Вес=0, Текущее состояние=AwaitUnload",
2025-10-23T11:29:22.2841725,Debug,Scalemon.SerialLink.ScaleProcessor,"Отправляю пакет данных: Вес=0, Стабилен=True, Подключено=True, Авария=False",
2025-10-23T11:29:22.1876988,Debug,Scalemon.SerialLink.ScaleProcessor,"Отправляю пакет данных: Вес=0, Стабилен=False, Подключено=True, Авария=False",
2025-10-23T11:29:22.0916388,Debug,Scalemon.SerialLink.ScaleProcessor,"Отправляю пакет данных: Вес=0, Стабилен=False, Подключено=True, Авария=False",
2025-10-23T11:29:21.9803160,Debug,Scalemon.SerialLink.ScaleProcessor,"Отправляю пакет данных: Вес=0.1, Стабилен=False, Подключено=True, Авария=False",
2025-10-23T11:29:21.8842887,Debug,Scalemon.SerialLink.ScaleProcessor,"Отправляю пакет данных: Вес=0.68, Стабилен=False, Подключено=True, Авария=False",
2025-10-23T11:29:21.7880896,Debug,Scalemon.SerialLink.ScaleProcessor,"Отправляю пакет данных: Вес=2.74, Стабилен=False, Подключено=True, Авария=False",
2025-10-23T11:29:21.6921984,Debug,Scalemon.SerialLink.ScaleProcessor,"Отправляю пакет данных: Вес=5.4, Стабилен=False, Подключено=True, Авария=False",
2025-10-23T11:29:21.5804213,Debug,Scalemon.SerialLink.ScaleProcessor,"Отправляю пакет данных: Вес=8.32, Стабилен=False, Подключено=True, Авария=False",
2025-10-23T11:29:21.4841422,Debug,Scalemon.SerialLink.ScaleProcessor,"Отправляю пакет данных: Вес=8.32, Стабилен=False, Подключено=True, Авария=False",
2025-10-23T11:29:21.3882778,Debug,Scalemon.SerialLink.ScaleProcessor,"Отправляю пакет данных: Вес=10.24, Стабилен=False, Подключено=True, Авария=False",
2025-10-23T11:29:21.2923552,Debug,Scalemon.SerialLink.ScaleProcessor,"Отправляю пакет данных: Вес=12.66, Стабилен=False, Подключено=True, Авария=False",
2025-10-23T11:29:21.1803831,Debug,Scalemon.SerialLink.ScaleProcessor,"Отправляю пакет данных: Вес=13.06, Стабилен=False, Подключено=True, Авария=False",
2025-10-23T11:29:21.0931386,Debug,Scalemon.SerialLink.ScaleProcessor,"Отправляю пакет данных: Вес=13.16, Стабилен=False, Подключено=True, Авария=False",
2025-10-23T11:29:20.9817591,Debug,Scalemon.SerialLink.ScaleProcessor,"Отправляю пакет данных: Вес=13.06, Стабилен=False, Подключено=True, Авария=False",
2025-10-23T11:29:20.8468312,Information,Scalemon.SignalBus.SignalBus,Отправка команды на Arduino: Unstable (0x13),
2025-10-23T11:29:20.8372347,Debug,Scalemon.SerialLink.ScaleProcessor,"Отправляю пакет данных: Вес=13.06, Стабилен=False, Подключено=True, Авария=False",
2025-10-23T11:29:20.7024603,Information,Scalemon.FSM.PlateauZeroStateMachine,"FSM получил семпл: Вес=13.06, Текущее состояние=AwaitUnload",
2025-10-23T11:29:20.6932965,Debug,Scalemon.SerialLink.ScaleProcessor,"Отправляю пакет данных: Вес=13.06, Стабилен=True, Подключено=True, Авария=False",
2025-10-23T11:29:20.5906865,Information,Scalemon.FSM.PlateauZeroStateMachine,"FSM получил семпл: Вес=13.06, Текущее состояние=AwaitUnload",
2025-10-23T11:29:20.5819044,Debug,Scalemon.SerialLink.ScaleProcessor,"Отправляю пакет данных: Вес=13.06, Стабилен=True, Подключено=True, Авария=False",
2025-10-23T11:29:20.4476089,Information,Scalemon.FSM.PlateauZeroStateMachine,"FSM получил семпл: Вес=13.06, Текущее состояние=AwaitUnload",
2025-10-23T11:29:20.4374214,Debug,Scalemon.SerialLink.ScaleProcessor,"Отправляю пакет данных: Вес=13.06, Стабилен=True, Подключено=True, Авария=False",
2025-10-23T11:29:20.3042927,Information,Scalemon.FSM.PlateauZeroStateMachine,"FSM получил семпл: Вес=13.06, Текущее состояние=AwaitUnload",
2025-10-23T11:29:20.2937254,Debug,Scalemon.SerialLink.ScaleProcessor,"Отправляю пакет данных: Вес=13.06, Стабилен=True, Подключено=True, Авария=False",
2025-10-23T11:29:20.1916530,Information,Scalemon.FSM.PlateauZeroStateMachine,"FSM получил семпл: Вес=13.06, Текущее состояние=AwaitUnload",
2025-10-23T11:29:20.1820379,Debug,Scalemon.SerialLink.ScaleProcessor,"Отправляю пакет данных: Вес=13.06, Стабилен=True, Подключено=True, Авария=False",
2025-10-23T11:29:20.0915484,Information,Scalemon.FSM.PlateauZeroStateMachine,"FSM получил семпл: Вес=13.06, Текущее состояние=AwaitUnload",
2025-10-23T11:29:20.0820669,Debug,Scalemon.SerialLink.ScaleProcessor,"Отправляю пакет данных: Вес=13.06, Стабилен=True, Подключено=True, Авария=False",
2025-10-23T11:29:19.9912910,Information,Scalemon.FSM.PlateauZeroStateMachine,"FSM получил семпл: Вес=13.06, Текущее состояние=AwaitUnload",
2025-10-23T11:29:19.9821130,Debug,Scalemon.SerialLink.ScaleProcessor,"Отправляю пакет данных: Вес=13.06, Стабилен=True, Подключено=True, Авария=False",
2025-10-23T11:29:19.8936912,Information,Scalemon.FSM.PlateauZeroStateMachine,"FSM получил семпл: Вес=13.06, Текущее состояние=AwaitUnload",
2025-10-23T11:29:19.8821921,Debug,Scalemon.SerialLink.ScaleProcessor,"Отправляю пакет данных: Вес=13.06, Стабилен=True, Подключено=True, Авария=False",
2025-10-23T11:29:19.7917199,Information,Scalemon.FSM.PlateauZeroStateMachine,"FSM получил семпл: Вес=13.06, Текущее состояние=AwaitUnload",
2025-10-23T11:29:19.7822307,Debug,Scalemon.SerialLink.ScaleProcessor,"Отправляю пакет данных: Вес=13.06, Стабилен=True, Подключено=True, Авария=False",
2025-10-23T11:29:19.6911101,Information,Scalemon.FSM.PlateauZeroStateMachine,"FSM получил семпл: Вес=13.06, Текущее состояние=AwaitUnload",
2025-10-23T11:29:19.6812772,Debug,Scalemon.SerialLink.ScaleProcessor,"Отправляю пакет данных: Вес=13.06, Стабилен=True, Подключено=True, Авария=False",
2025-10-23T11:29:19.5506478,Information,Scalemon.FSM.PlateauZeroStateMachine,"FSM получил семпл: Вес=13.06, Текущее состояние=AwaitUnload",
2025-10-23T11:29:19.5367911,Debug,Scalemon.SerialLink.ScaleProcessor,"Отправляю пакет данных: Вес=13.06, Стабилен=True, Подключено=True, Авария=False",
2025-10-23T11:29:19.4352661,Information,Scalemon.FSM.PlateauZeroStateMachine,"FSM получил семпл: Вес=13.06, Текущее состояние=AwaitUnload",
2025-10-23T11:29:19.4254114,Debug,Scalemon.SerialLink.ScaleProcessor,"Отправляю пакет данных: Вес=13.06, Стабилен=True, Подключено=True, Авария=False",
2025-10-23T11:29:19.3292813,Information,Scalemon.SignalBus.SignalBus,Отправка команды на Arduino: Completed (0x14),
2025-10-23T11:29:19.3213357,Information,Scalemon.SignalBus.SignalBus,Отправка команды на Arduino: Unstable (0x13),
2025-10-23T11:29:19.3119110,Debug,Scalemon.FSM.PlateauZeroStateMachine,"→ AwaitUnload (plateau confirmed), peak≈13.06",
2025-10-23T11:29:19.3021841,Debug,Scalemon.FSM.PlateauZeroStateMachine,FSM: Переход из [Weighing] в [AwaitUnload],
2025-10-23T11:29:19.2936610,Information,Scalemon.FSM.PlateauZeroStateMachine,"FSM получил семпл: Вес=13.06, Текущее состояние=Weighing",
2025-10-23T11:29:19.2835051,Debug,Scalemon.SerialLink.ScaleProcessor,"Отправляю пакет данных: Вес=13.06, Стабилен=True, Подключено=True, Авария=False",
2025-10-23T11:29:19.1524981,Debug,Scalemon.FSM.PlateauZeroStateMachine,"→ Weighing (start), peak=13.06",
2025-10-23T11:29:19.1435574,Debug,Scalemon.FSM.PlateauZeroStateMachine,FSM: Переход из [IdleZero] в [Weighing],
2025-10-23T11:29:19.1348581,Information,Scalemon.FSM.PlateauZeroStateMachine,"FSM получил семпл: Вес=13.06, Текущее состояние=IdleZero",
2025-10-23T11:29:19.1255628,Debug,Scalemon.SerialLink.ScaleProcessor,"Отправляю пакет данных: Вес=13.06, Стабилен=True, Подключено=True, Авария=False",
2025-10-23T11:29:19.0255829,Debug,Scalemon.SerialLink.ScaleProcessor,"Отправляю пакет данных: Вес=13.06, Стабилен=False, Подключено=True, Авария=False",
2025-10-23T11:29:18.9343342,Debug,Scalemon.SerialLink.ScaleProcessor,"Отправляю пакет данных: Вес=13.08, Стабилен=False, Подключено=True, Авария=False",
2025-10-23T11:29:18.8380888,Debug,Scalemon.SerialLink.ScaleProcessor,"Отправляю пакет данных: Вес=13.06, Стабилен=False, Подключено=True, Авария=False",
2025-10-23T11:29:18.7266258,Debug,Scalemon.SerialLink.ScaleProcessor,"Отправляю пакет данных: Вес=13.06, Стабилен=False, Подключено=True, Авария=False",
2025-10-23T11:29:18.6381535,Debug,Scalemon.SerialLink.ScaleProcessor,"Отправляю пакет данных: Вес=13.06, Стабилен=False, Подключено=True, Авария=False",
2025-10-23T11:29:18.5267646,Debug,Scalemon.SerialLink.ScaleProcessor,"Отправляю пакет данных: Вес=13.06, Стабилен=False, Подключено=True, Авария=False",
2025-10-23T11:29:18.4382622,Debug,Scalemon.SerialLink.ScaleProcessor,"Отправляю пакет данных: Вес=13.06, Стабилен=False, Подключено=True, Авария=False",
2025-10-23T11:29:18.3268879,Debug,Scalemon.SerialLink.ScaleProcessor,"Отправляю пакет данных: Вес=13.06, Стабилен=False, Подключено=True, Авария=False",
2025-10-23T11:29:18.2393691,Debug,Scalemon.SerialLink.ScaleProcessor,"Отправляю пакет данных: Вес=13.08, Стабилен=False, Подключено=True, Авария=False",
2025-10-23T11:29:18.1279504,Debug,Scalemon.SerialLink.ScaleProcessor,"Отправляю пакет данных: Вес=13.08, Стабилен=False, Подключено=True, Авария=False",
2025-10-23T11:29:18.0319786,Debug,Scalemon.SerialLink.ScaleProcessor,"Отправляю пакет данных: Вес=13.08, Стабилен=False, Подключено=True, Авария=False",
2025-10-23T11:29:17.9354554,Debug,Scalemon.SerialLink.ScaleProcessor,"Отправляю пакет данных: Вес=13.08, Стабилен=False, Подключено=True, Авария=False",
2025-10-23T11:29:17.7920728,Debug,Scalemon.SerialLink.ScaleProcessor,"Отправляю пакет данных: Вес=13.02, Стабилен=False, Подключено=True, Авария=False",
2025-10-23T11:29:17.6958473,Debug,Scalemon.SerialLink.ScaleProcessor,"Отправляю пакет данных: Вес=12.78, Стабилен=False, Подключено=True, Авария=False",
2025-10-23T11:29:17.5841687,Debug,Scalemon.SerialLink.ScaleProcessor,"Отправляю пакет данных: Вес=12.48, Стабилен=False, Подключено=True, Авария=False",
2025-10-23T11:29:17.4880945,Debug,Scalemon.SerialLink.ScaleProcessor,"Отправляю пакет данных: Вес=12.3, Стабилен=False, Подключено=True, Авария=False",
2025-10-23T11:29:17.3922753,Debug,Scalemon.SerialLink.ScaleProcessor,"Отправляю пакет данных: Вес=11.74, Стабилен=False, Подключено=True, Авария=False",
2025-10-23T11:29:17.2959792,Debug,Scalemon.SerialLink.ScaleProcessor,"Отправляю пакет данных: Вес=8.76, Стабилен=False, Подключено=True, Авария=False",
2025-10-23T11:29:17.1833708,Debug,Scalemon.SerialLink.ScaleProcessor,"Отправляю пакет данных: Вес=6.64, Стабилен=False, Подключено=True, Авария=False",
2025-10-23T11:29:17.0890259,Debug,Scalemon.SerialLink.ScaleProcessor,"Отправляю пакет данных: Вес=4.06, Стабилен=False, Подключено=True, Авария=False",
2025-10-23T11:29:16.9921398,Debug,Scalemon.SerialLink.ScaleProcessor,"Отправляю пакет данных: Вес=1.58, Стабилен=False, Подключено=True, Авария=False",
2025-10-23T11:29:16.9010748,Information,Scalemon.SignalBus.SignalBus,Отправка команды на Arduino: Unstable (0x13),
2025-10-23T11:29:16.8969208,Debug,Scalemon.SerialLink.ScaleProcessor,"Отправляю пакет данных: Вес=0.02, Стабилен=False, Подключено=True, Авария=False",
2025-10-23T11:29:13.0993020,Information,Scalemon.FSM.PlateauZeroStateMachine,"FSM получил семпл: Вес=0, Текущее состояние=IdleZero",
2025-10-23T11:29:13.0900825,Debug,Scalemon.SerialLink.ScaleProcessor,"Отправляю пакет данных: Вес=0, Стабилен=True, Подключено=True, Авария=False",
2025-10-23T11:29:12.9901470,Information,Scalemon.SignalBus.SignalBus,Отправка команды на Arduino: Idle (0x12),
2025-10-23T11:29:12.9843834,Information,Scalemon.SignalBus.SignalBus,Отправка команды на Arduino: Unstable (0x13),
2025-10-23T11:29:12.9786312,Information,Scalemon.FSM.PlateauZeroStateMachine,→ IdleZero,
2025-10-23T11:29:12.9713440,Debug,Scalemon.FSM.PlateauZeroStateMachine,FSM: Переход из [WaitZeroAfterTare] в [IdleZero],
2025-10-23T11:29:12.9632851,Information,Scalemon.FSM.PlateauZeroStateMachine,Автоноль подтверждён стабильным нулём,
2025-10-23T11:29:12.9551317,Information,Scalemon.FSM.PlateauZeroStateMachine,"FSM получил семпл: Вес=0, Текущее состояние=WaitZeroAfterTare",
2025-10-23T11:29:12.9456541,Debug,Scalemon.SerialLink.ScaleProcessor,"Отправляю пакет данных: Вес=0, Стабилен=True, Подключено=True, Авария=False",
2025-10-23T11:29:12.8081489,Information,Scalemon.FSM.PlateauZeroStateMachine,"FSM получил семпл: Вес=0, Текущее состояние=WaitZeroAfterTare",
2025-10-23T11:29:12.8014736,Debug,Scalemon.SerialLink.ScaleProcessor,"Отправляю пакет данных: Вес=0, Стабилен=True, Подключено=True, Авария=False",
2025-10-23T11:29:12.6990287,Information,Scalemon.FSM.PlateauZeroStateMachine,"FSM получил семпл: Вес=-0.02, Текущее состояние=WaitZeroAfterTare",
2025-10-23T11:29:12.6902708,Debug,Scalemon.SerialLink.ScaleProcessor,"Отправляю пакет данных: Вес=-0.02, Стабилен=True, Подключено=True, Авария=False",
2025-10-23T11:29:12.5795491,Debug,Scalemon.FSM.PlateauZeroStateMachine,→ WaitZeroAfterTare (timeout at 2025-10-23T06:29:16.5714804Z),
2025-10-23T11:29:12.5715187,Debug,Scalemon.FSM.PlateauZeroStateMachine,FSM: Переход из [TarePending] в [WaitZeroAfterTare],
2025-10-23T11:29:12.5631338,Information,Scalemon.SerialLink.ScaleProcessor,Команда >0< выполнена успешно,
2025-10-23T11:29:12.4705842,Debug,Scalemon.FSM.PlateauZeroStateMachine,→ TarePending,
2025-10-23T11:29:12.4621221,Debug,Scalemon.FSM.PlateauZeroStateMachine,FSM: Переход из [WaitZeroAfterTare] в [TarePending],
2025-10-23T11:29:12.4516191,Warning,Scalemon.FSM.PlateauZeroStateMachine,"Автоноль: тайм-аут, повтор 2/2",
2025-10-23T11:29:12.4434720,Information,Scalemon.FSM.PlateauZeroStateMachine,"FSM получил семпл: Вес=-0.02, Текущее состояние=WaitZeroAfterTare",
2025-10-23T11:29:12.4344437,Debug,Scalemon.SerialLink.ScaleProcessor,"Отправляю пакет данных: Вес=-0.02, Стабилен=True, Подключено=True, Авария=False",
2025-10-23T11:29:12.3479031,Information,Scalemon.FSM.PlateauZeroStateMachine,"FSM получил семпл: Вес=-0.02, Текущее состояние=WaitZeroAfterTare",
2025-10-23T11:29:12.3384748,Debug,Scalemon.SerialLink.ScaleProcessor,"Отправляю пакет данных: Вес=-0.02, Стабилен=True, Подключено=True, Авария=False",
2025-10-23T11:29:12.2108852,Information,Scalemon.FSM.PlateauZeroStateMachine,"FSM получил семпл: Вес=-0.02, Текущее состояние=WaitZeroAfterTare",
2025-10-23T11:29:12.1460754,Debug,Scalemon.SerialLink.ScaleProcessor,"Отправляю пакет данных: Вес=-0.02, Стабилен=True, Подключено=True, Авария=False",
2025-10-23T11:29:12.0427013,Information,Scalemon.FSM.PlateauZeroStateMachine,"FSM получил семпл: Вес=-0.02, Текущее состояние=WaitZeroAfterTare",
2025-10-23T11:29:12.0346284,Debug,Scalemon.SerialLink.ScaleProcessor,"Отправляю пакет данных: Вес=-0.02, Стабилен=True, Подключено=True, Авария=False",
2025-10-23T11:29:11.9469658,Information,Scalemon.FSM.PlateauZeroStateMachine,"FSM получил семпл: Вес=-0.02, Текущее состояние=WaitZeroAfterTare",
2025-10-23T11:29:11.9387018,Debug,Scalemon.SerialLink.ScaleProcessor,"Отправляю пакет данных: Вес=-0.02, Стабилен=True, Подключено=True, Авария=False",
2025-10-23T11:29:11.8513345,Information,Scalemon.FSM.PlateauZeroStateMachine,"FSM получил семпл: Вес=-0.02, Текущее состояние=WaitZeroAfterTare",
2025-10-23T11:29:11.8424792,Debug,Scalemon.SerialLink.ScaleProcessor,"Отправляю пакет данных: Вес=-0.02, Стабилен=True, Подключено=True, Авария=False",
2025-10-23T11:29:11.7556214,Information,Scalemon.FSM.PlateauZeroStateMachine,"FSM получил семпл: Вес=-0.02, Текущее состояние=WaitZeroAfterTare",
2025-10-23T11:29:11.7462209,Debug,Scalemon.SerialLink.ScaleProcessor,"Отправляю пакет данных: Вес=-0.02, Стабилен=True, Подключено=True, Авария=False",
2025-10-23T11:29:11.6453350,Information,Scalemon.FSM.PlateauZeroStateMachine,"FSM получил семпл: Вес=-0.02, Текущее состояние=WaitZeroAfterTare",
2025-10-23T11:29:11.6347940,Debug,Scalemon.SerialLink.ScaleProcessor,"Отправляю пакет данных: Вес=-0.02, Стабилен=True, Подключено=True, Авария=False",
2025-10-23T11:29:11.5493315,Information,Scalemon.FSM.PlateauZeroStateMachine,"FSM получил семпл: Вес=-0.02, Текущее состояние=WaitZeroAfterTare",
2025-10-23T11:29:11.5388549,Debug,Scalemon.SerialLink.ScaleProcessor,"Отправляю пакет данных: Вес=-0.02, Стабилен=True, Подключено=True, Авария=False",
2025-10-23T11:29:11.4528404,Information,Scalemon.FSM.PlateauZeroStateMachine,"FSM получил семпл: Вес=-0.02, Текущее состояние=WaitZeroAfterTare",
2025-10-23T11:29:11.4426616,Debug,Scalemon.SerialLink.ScaleProcessor,"Отправляю пакет данных: Вес=-0.02, Стабилен=True, Подключено=True, Авария=False",
2025-10-23T11:29:11.3554298,Information,Scalemon.FSM.PlateauZeroStateMachine,"FSM получил семпл: Вес=-0.02, Текущее состояние=WaitZeroAfterTare",
2025-10-23T11:29:11.3463967,Debug,Scalemon.SerialLink.ScaleProcessor,"Отправляю пакет данных: Вес=-0.02, Стабилен=True, Подключено=True, Авария=False",
2025-10-23T11:29:11.2464641,Information,Scalemon.FSM.PlateauZeroStateMachine,"FSM получил семпл: Вес=-0.02, Текущее состояние=WaitZeroAfterTare",
2025-10-23T11:29:11.2350437,Debug,Scalemon.SerialLink.ScaleProcessor,"Отправляю пакет данных: Вес=-0.02, Стабилен=True, Подключено=True, Авария=False",
2025-10-23T11:29:11.1498807,Information,Scalemon.FSM.PlateauZeroStateMachine,"FSM получил семпл: Вес=-0.02, Текущее состояние=WaitZeroAfterTare",
2025-10-23T11:29:11.1390492,Debug,Scalemon.SerialLink.ScaleProcessor,"Отправляю пакет данных: Вес=-0.02, Стабилен=True, Подключено=True, Авария=False",
2025-10-23T11:29:11.0523220,Information,Scalemon.FSM.PlateauZeroStateMachine,"FSM получил семпл: Вес=-0.02, Текущее состояние=WaitZeroAfterTare",
2025-10-23T11:29:11.0428142,Debug,Scalemon.SerialLink.ScaleProcessor,"Отправляю пакет данных: Вес=-0.02, Стабилен=True, Подключено=True, Авария=False",
2025-10-23T11:29:10.9557973,Information,Scalemon.FSM.PlateauZeroStateMachine,"FSM получил семпл: Вес=-0.02, Текущее состояние=WaitZeroAfterTare",
2025-10-23T11:29:10.9465833,Debug,Scalemon.SerialLink.ScaleProcessor,"Отправляю пакет данных: Вес=-0.02, Стабилен=True, Подключено=True, Авария=False",
2025-10-23T11:29:10.8447637,Information,Scalemon.FSM.PlateauZeroStateMachine,"FSM получил семпл: Вес=-0.02, Текущее состояние=WaitZeroAfterTare",
2025-10-23T11:29:10.8351424,Debug,Scalemon.SerialLink.ScaleProcessor,"Отправляю пакет данных: Вес=-0.02, Стабилен=True, Подключено=True, Авария=False",
2025-10-23T11:29:10.7458654,Information,Scalemon.FSM.PlateauZeroStateMachine,"FSM получил семпл: Вес=-0.02, Текущее состояние=WaitZeroAfterTare",
2025-10-23T11:29:10.7385346,Debug,Scalemon.SerialLink.ScaleProcessor,"Отправляю пакет данных: Вес=-0.02, Стабилен=True, Подключено=True, Авария=False",
2025-10-23T11:29:10.6514668,Information,Scalemon.FSM.PlateauZeroStateMachine,"FSM получил семпл: Вес=-0.02, Текущее состояние=WaitZeroAfterTare",
2025-10-23T11:29:10.6429879,Debug,Scalemon.SerialLink.ScaleProcessor,"Отправляю пакет данных: Вес=-0.02, Стабилен=True, Подключено=True, Авария=False",
2025-10-23T11:29:10.5470140,Debug,Scalemon.SerialLink.ScaleProcessor,"Отправляю пакет данных: Вес=0.04, Стабилен=False, Подключено=True, Авария=False",
2025-10-23T11:29:10.4352870,Debug,Scalemon.SerialLink.ScaleProcessor,"Отправляю пакет данных: Вес=0.16, Стабилен=False, Подключено=True, Авария=False",
2025-10-23T11:29:10.3393452,Debug,Scalemon.SerialLink.ScaleProcessor,"Отправляю пакет данных: Вес=0.32, Стабилен=False, Подключено=True, Авария=False",
2025-10-23T11:29:10.2428457,Debug,Scalemon.SerialLink.ScaleProcessor,"Отправляю пакет данных: Вес=1.08, Стабилен=False, Подключено=True, Авария=False",
2025-10-23T11:29:10.1470858,Debug,Scalemon.SerialLink.ScaleProcessor,"Отправляю пакет данных: Вес=2.8, Стабилен=False, Подключено=True, Авария=False",
2025-10-23T11:29:10.0355027,Debug,Scalemon.SerialLink.ScaleProcessor,"Отправляю пакет данных: Вес=5.34, Стабилен=False, Подключено=True, Авария=False",
2025-10-23T11:29:09.9395436,Debug,Scalemon.SerialLink.ScaleProcessor,"Отправляю пакет данных: Вес=7.86, Стабилен=False, Подключено=True, Авария=False",
2025-10-23T11:29:09.8435700,Debug,Scalemon.SerialLink.ScaleProcessor,"Отправляю пакет данных: Вес=9.82, Стабилен=False, Подключено=True, Авария=False",
2025-10-23T11:29:09.7471166,Debug,Scalemon.SerialLink.ScaleProcessor,"Отправляю пакет данных: Вес=11.4, Стабилен=False, Подключено=True, Авария=False",
2025-10-23T11:29:09.6357040,Debug,Scalemon.SerialLink.ScaleProcessor,"Отправляю пакет данных: Вес=14.02, Стабилен=False, Подключено=True, Авария=False",
2025-10-23T11:29:09.5392014,Debug,Scalemon.SerialLink.ScaleProcessor,"Отправляю пакет данных: Вес=15.1, Стабилен=False, Подключено=True, Авария=False",
2025-10-23T11:29:09.4437764,Debug,Scalemon.SerialLink.ScaleProcessor,"Отправляю пакет данных: Вес=15.86, Стабилен=False, Подключено=True, Авария=False",
2025-10-23T11:29:09.3475351,Debug,Scalemon.SerialLink.ScaleProcessor,"Отправляю пакет данных: Вес=15.86, Стабилен=False, Подключено=True, Авария=False",
2025-10-23T11:29:09.2358279,Debug,Scalemon.SerialLink.ScaleProcessor,"Отправляю пакет данных: Вес=16.18, Стабилен=False, Подключено=True, Авария=False",
2025-10-23T11:29:09.1399088,Debug,Scalemon.SerialLink.ScaleProcessor,"Отправляю пакет данных: Вес=16.26, Стабилен=False, Подключено=True, Авария=False",
2025-10-23T11:29:09.0439458,Debug,Scalemon.SerialLink.ScaleProcessor,"Отправляю пакет данных: Вес=16.24, Стабилен=False, Подключено=True, Авария=False",
2025-10-23T11:29:08.9565083,Information,Scalemon.FSM.PlateauZeroStateMachine,"FSM получил семпл: Вес=16.24, Текущее состояние=WaitZeroAfterTare",
2025-10-23T11:29:08.9477435,Debug,Scalemon.SerialLink.ScaleProcessor,"Отправляю пакет данных: Вес=16.24, Стабилен=True, Подключено=True, Авария=False",
2025-10-23T11:29:08.8444398,Information,Scalemon.FSM.PlateauZeroStateMachine,"FSM получил семпл: Вес=16.24, Текущее состояние=WaitZeroAfterTare",
2025-10-23T11:29:08.8360622,Debug,Scalemon.SerialLink.ScaleProcessor,"Отправляю пакет данных: Вес=16.24, Стабилен=True, Подключено=True, Авария=False",
2025-10-23T11:29:08.7144329,Information,Scalemon.FSM.PlateauZeroStateMachine,"FSM получил семпл: Вес=16.24, Текущее состояние=WaitZeroAfterTare",
2025-10-23T11:29:08.7074432,Debug,Scalemon.SerialLink.ScaleProcessor,"Отправляю пакет данных: Вес=16.24, Стабилен=True, Подключено=True, Авария=False",
2025-10-23T11:29:08.6053824,Information,Scalemon.FSM.PlateauZeroStateMachine,"FSM получил семпл: Вес=16.24, Текущее состояние=WaitZeroAfterTare",
2025-10-23T11:29:08.5961377,Debug,Scalemon.SerialLink.ScaleProcessor,"Отправляю пакет данных: Вес=16.24, Стабилен=True, Подключено=True, Авария=False",
2025-10-23T11:29:08.5087804,Information,Scalemon.FSM.PlateauZeroStateMachine,"FSM получил семпл: Вес=16.24, Текущее состояние=WaitZeroAfterTare",
2025-10-23T11:29:08.5002204,Debug,Scalemon.SerialLink.ScaleProcessor,"Отправляю пакет данных: Вес=16.24, Стабилен=True, Подключено=True, Авария=False",
2025-10-23T11:29:08.3896044,Debug,Scalemon.FSM.PlateauZeroStateMachine,→ WaitZeroAfterTare (timeout at 2025-10-23T06:29:12.3811072Z),
2025-10-23T11:29:08.3811426,Debug,Scalemon.FSM.PlateauZeroStateMachine,FSM: Переход из [TarePending] в [WaitZeroAfterTare],
2025-10-23T11:29:08.3721580,Warning,Scalemon.SerialLink.ScaleProcessor,"Не удалось установить >0<: ""Установка >0< невозможна"" (code=21)",
2025-10-23T11:29:08.2786623,Debug,Scalemon.FSM.PlateauZeroStateMachine,→ TarePending,
2025-10-23T11:29:08.2705586,Debug,Scalemon.FSM.PlateauZeroStateMachine,FSM: Переход из [WaitZeroAfterTare] в [TarePending],
2025-10-23T11:29:08.2621049,Warning,Scalemon.FSM.PlateauZeroStateMachine,"Автоноль: тайм-аут, повтор 1/2",
2025-10-23T11:29:08.2528857,Information,Scalemon.FSM.PlateauZeroStateMachine,"FSM получил семпл: Вес=16.24, Текущее состояние=WaitZeroAfterTare",
2025-10-23T11:29:08.2443420,Debug,Scalemon.SerialLink.ScaleProcessor,"Отправляю пакет данных: Вес=16.24, Стабилен=True, Подключено=True, Авария=False",
2025-10-23T11:29:08.1565480,Information,Scalemon.FSM.PlateauZeroStateMachine,"FSM получил семпл: Вес=16.24, Текущее состояние=WaitZeroAfterTare",
2025-10-23T11:29:08.1481547,Debug,Scalemon.SerialLink.ScaleProcessor,"Отправляю пакет данных: Вес=16.24, Стабилен=True, Подключено=True, Авария=False",
2025-10-23T11:29:08.0447312,Information,Scalemon.FSM.PlateauZeroStateMachine,"FSM получил семпл: Вес=16.24, Текущее состояние=WaitZeroAfterTare",
2025-10-23T11:29:08.0364192,Debug,Scalemon.SerialLink.ScaleProcessor,"Отправляю пакет данных: Вес=16.24, Стабилен=True, Подключено=True, Авария=False",
2025-10-23T11:29:07.9487025,Information,Scalemon.FSM.PlateauZeroStateMachine,"FSM получил семпл: Вес=16.24, Текущее состояние=WaitZeroAfterTare",
2025-10-23T11:29:07.9404450,Debug,Scalemon.SerialLink.ScaleProcessor,"Отправляю пакет данных: Вес=16.24, Стабилен=True, Подключено=True, Авария=False",
2025-10-23T11:29:07.8528503,Information,Scalemon.FSM.PlateauZeroStateMachine,"FSM получил семпл: Вес=16.24, Текущее состояние=WaitZeroAfterTare",
2025-10-23T11:29:07.8445581,Debug,Scalemon.SerialLink.ScaleProcessor,"Отправляю пакет данных: Вес=16.24, Стабилен=True, Подключено=True, Авария=False",
2025-10-23T11:29:07.7569940,Information,Scalemon.FSM.PlateauZeroStateMachine,"FSM получил семпл: Вес=16.24, Текущее состояние=WaitZeroAfterTare",
2025-10-23T11:29:07.7483242,Debug,Scalemon.SerialLink.ScaleProcessor,"Отправляю пакет данных: Вес=16.24, Стабилен=True, Подключено=True, Авария=False",
2025-10-23T11:29:07.6578254,Information,Scalemon.FSM.PlateauZeroStateMachine,"FSM получил семпл: Вес=16.24, Текущее состояние=WaitZeroAfterTare",
2025-10-23T11:29:07.6517858,Debug,Scalemon.SerialLink.ScaleProcessor,"Отправляю пакет данных: Вес=16.24, Стабилен=True, Подключено=True, Авария=False",
2025-10-23T11:29:07.5168309,Information,Scalemon.FSM.PlateauZeroStateMachine,"FSM получил семпл: Вес=16.24, Текущее состояние=WaitZeroAfterTare",
2025-10-23T11:29:07.5080355,Debug,Scalemon.SerialLink.ScaleProcessor,"Отправляю пакет данных: Вес=16.24, Стабилен=True, Подключено=True, Авария=False",
2025-10-23T11:29:07.4050571,Information,Scalemon.FSM.PlateauZeroStateMachine,"FSM получил семпл: Вес=16.24, Текущее состояние=WaitZeroAfterTare",
2025-10-23T11:29:07.3966806,Debug,Scalemon.SerialLink.ScaleProcessor,"Отправляю пакет данных: Вес=16.24, Стабилен=True, Подключено=True, Авария=False",
2025-10-23T11:29:07.2615599,Information,Scalemon.FSM.PlateauZeroStateMachine,"FSM получил семпл: Вес=16.24, Текущее состояние=WaitZeroAfterTare",
2025-10-23T11:29:07.2522619,Debug,Scalemon.SerialLink.ScaleProcessor,"Отправляю пакет данных: Вес=16.24, Стабилен=True, Подключено=True, Авария=False",
2025-10-23T11:29:07.1169502,Information,Scalemon.FSM.PlateauZeroStateMachine,"FSM получил семпл: Вес=16.24, Текущее состояние=WaitZeroAfterTare",
2025-10-23T11:29:07.1085577,Debug,Scalemon.SerialLink.ScaleProcessor,"Отправляю пакет данных: Вес=16.24, Стабилен=True, Подключено=True, Авария=False",
2025-10-23T11:29:07.0055669,Information,Scalemon.FSM.PlateauZeroStateMachine,"FSM получил семпл: Вес=16.24, Текущее состояние=WaitZeroAfterTare",
2025-10-23T11:29:06.9968602,Debug,Scalemon.SerialLink.ScaleProcessor,"Отправляю пакет данных: Вес=16.24, Стабилен=True, Подключено=True, Авария=False",
2025-10-23T11:29:06.8615472,Information,Scalemon.FSM.PlateauZeroStateMachine,"FSM получил семпл: Вес=16.24, Текущее состояние=WaitZeroAfterTare",
2025-10-23T11:29:06.8523977,Debug,Scalemon.SerialLink.ScaleProcessor,"Отправляю пакет данных: Вес=16.24, Стабилен=True, Подключено=True, Авария=False",
2025-10-23T11:29:06.7172514,Information,Scalemon.FSM.PlateauZeroStateMachine,"FSM получил семпл: Вес=16.24, Текущее состояние=WaitZeroAfterTare",
2025-10-23T11:29:06.7087773,Debug,Scalemon.SerialLink.ScaleProcessor,"Отправляю пакет данных: Вес=16.24, Стабилен=True, Подключено=True, Авария=False",
2025-10-23T11:29:06.6048262,Information,Scalemon.FSM.PlateauZeroStateMachine,"FSM получил семпл: Вес=16.24, Текущее состояние=WaitZeroAfterTare",
2025-10-23T11:29:06.5964292,Debug,Scalemon.SerialLink.ScaleProcessor,"Отправляю пакет данных: Вес=16.24, Стабилен=True, Подключено=True, Авария=False",
2025-10-23T11:29:06.4618563,Information,Scalemon.FSM.PlateauZeroStateMachine,"FSM получил семпл: Вес=16.24, Текущее состояние=WaitZeroAfterTare",
2025-10-23T11:29:06.4525664,Debug,Scalemon.SerialLink.ScaleProcessor,"Отправляю пакет данных: Вес=16.24, Стабилен=True, Подключено=True, Авария=False",
2025-10-23T11:29:06.3411560,Debug,Scalemon.SerialLink.ScaleProcessor,"Отправляю пакет данных: Вес=16.24, Стабилен=False, Подключено=True, Авария=False",
2025-10-23T11:29:06.2451771,Debug,Scalemon.SerialLink.ScaleProcessor,"Отправляю пакет данных: Вес=16.24, Стабилен=False, Подключено=True, Авария=False",
2025-10-23T11:29:06.1489987,Debug,Scalemon.SerialLink.ScaleProcessor,"Отправляю пакет данных: Вес=16.26, Стабилен=False, Подключено=True, Авария=False",
2025-10-23T11:29:06.0527659,Debug,Scalemon.SerialLink.ScaleProcessor,"Отправляю пакет данных: Вес=16.24, Стабилен=False, Подключено=True, Авария=False",
2025-10-23T11:29:05.9413595,Debug,Scalemon.SerialLink.ScaleProcessor,"Отправляю пакет данных: Вес=16.26, Стабилен=False, Подключено=True, Авария=False",
2025-10-23T11:29:05.8453795,Debug,Scalemon.SerialLink.ScaleProcessor,"Отправляю пакет данных: Вес=16.26, Стабилен=False, Подключено=True, Авария=False",
2025-10-23T11:29:05.7491554,Debug,Scalemon.SerialLink.ScaleProcessor,"Отправляю пакет данных: Вес=16.24, Стабилен=False, Подключено=True, Авария=False",
2025-10-23T11:29:05.6529245,Debug,Scalemon.SerialLink.ScaleProcessor,"Отправляю пакет данных: Вес=16.02, Стабилен=False, Подключено=True, Авария=False",
2025-10-23T11:29:05.5413583,Debug,Scalemon.SerialLink.ScaleProcessor,"Отправляю пакет данных: Вес=15.84, Стабилен=False, Подключено=True, Авария=False",
2025-10-23T11:29:05.4452523,Debug,Scalemon.SerialLink.ScaleProcessor,"Отправляю пакет данных: Вес=15.78, Стабилен=False, Подключено=True, Авария=False",
2025-10-23T11:29:05.3492891,Debug,Scalemon.SerialLink.ScaleProcessor,"Отправляю пакет данных: Вес=15.66, Стабилен=False, Подключено=True, Авария=False",
2025-10-23T11:29:05.2531126,Debug,Scalemon.SerialLink.ScaleProcessor,"Отправляю пакет данных: Вес=15.44, Стабилен=False, Подключено=True, Авария=False",
2025-10-23T11:29:05.1416555,Debug,Scalemon.SerialLink.ScaleProcessor,"Отправляю пакет данных: Вес=14.94, Стабилен=False, Подключено=True, Авария=False",
2025-10-23T11:29:05.0456723,Debug,Scalemon.SerialLink.ScaleProcessor,"Отправляю пакет данных: Вес=14.3, Стабилен=False, Подключено=True, Авария=False",
2025-10-23T11:29:04.9495069,Debug,Scalemon.SerialLink.ScaleProcessor,"Отправляю пакет данных: Вес=12.78, Стабилен=False, Подключено=True, Авария=False",
2025-10-23T11:29:04.8532958,Debug,Scalemon.SerialLink.ScaleProcessor,"Отправляю пакет данных: Вес=12.78, Стабилен=False, Подключено=True, Авария=False",
2025-10-23T11:29:04.7418140,Debug,Scalemon.SerialLink.ScaleProcessor,"Отправляю пакет данных: Вес=12.4, Стабилен=False, Подключено=True, Авария=False",
2025-10-23T11:29:04.6458792,Debug,Scalemon.SerialLink.ScaleProcessor,"Отправляю пакет данных: Вес=4.46, Стабилен=False, Подключено=True, Авария=False",
2025-10-23T11:29:04.5496713,Debug,Scalemon.SerialLink.ScaleProcessor,"Отправляю пакет данных: Вес=0, Стабилен=False, Подключено=True, Авария=False",
2025-10-23T11:29:04.4537179,Debug,Scalemon.SerialLink.ScaleProcessor,"Отправляю пакет данных: Вес=0, Стабилен=False, Подключено=True, Авария=False",
2025-10-23T11:29:04.3185110,Information,Scalemon.FSM.PlateauZeroStateMachine,"FSM получил семпл: Вес=-0.02, Текущее состояние=WaitZeroAfterTare",
2025-10-23T11:29:04.3098027,Debug,Scalemon.SerialLink.ScaleProcessor,"Отправляю пакет данных: Вес=-0.02, Стабилен=True, Подключено=True, Авария=False",
2025-10-23T11:29:04.2070580,Information,Scalemon.SignalBus.SignalBus,Отправка команды на Arduino: Unstable (0x13),
2025-10-23T11:29:04.1989530,Debug,Scalemon.FSM.PlateauZeroStateMachine,→ WaitZeroAfterTare (timeout at 2025-10-23T06:29:08.1905054Z),
2025-10-23T11:29:04.1905417,Debug,Scalemon.FSM.PlateauZeroStateMachine,FSM: Переход из [TarePending] в [WaitZeroAfterTare],
2025-10-23T11:29:04.1817938,Information,Scalemon.SerialLink.ScaleProcessor,Команда >0< выполнена успешно,
2025-10-23T11:29:04.0875791,Debug,Scalemon.FSM.PlateauZeroStateMachine,→ TarePending,
2025-10-23T11:29:04.0791856,Debug,Scalemon.FSM.PlateauZeroStateMachine,FSM: Переход из [IdleZero] в [TarePending],
2025-10-23T11:29:04.0706465,Information,Scalemon.FSM.PlateauZeroStateMachine,Обнаружен стабильный отрицательный вес (-0.02 кг) в состоянии готовности. Инициирую автоноль.,
2025-10-23T11:29:04.0625232,Information,Scalemon.FSM.PlateauZeroStateMachine,"FSM получил семпл: Вес=-0.02, Текущее состояние=IdleZero",
2025-10-23T11:29:04.0539060,Debug,Scalemon.SerialLink.ScaleProcessor,"Отправляю пакет данных: Вес=-0.02, Стабилен=True, Подключено=True, Авария=False",
2025-10-23T11:29:03.9507801,Information,Scalemon.FSM.PlateauZeroStateMachine,"FSM получил семпл: Вес=-0.02, Текущее состояние=IdleZero",
2025-10-23T11:29:03.9422103,Debug,Scalemon.SerialLink.ScaleProcessor,"Отправляю пакет данных: Вес=-0.02, Стабилен=True, Подключено=True, Авария=False",
2025-10-23T11:28:59.5596548,Information,Scalemon.FSM.PlateauZeroStateMachine,"FSM получил семпл: Вес=0, Текущее состояние=IdleZero",
2025-10-23T11:28:59.4243754,Information,Scalemon.SignalBus.SignalBus,Отправка команды на Arduino: Idle (0x12),
2025-10-23T11:28:59.4184495,Information,Scalemon.SignalBus.SignalBus,Отправка команды на Arduino: Unstable (0x13),
2025-10-23T11:28:59.4122650,Information,Scalemon.FSM.PlateauZeroStateMachine,→ IdleZero,
2025-10-23T11:28:59.4064527,Debug,Scalemon.FSM.PlateauZeroStateMachine,FSM: Переход из [PostUnload] в [IdleZero],
2025-10-23T11:28:59.4003658,Information,Scalemon.SqlDataAccess.SqlDataAccess,Записано взвешивание: 15.00,
2025-10-23T11:28:59.3884940,Information,Scalemon.FSM.PlateauZeroStateMachine,"Запись взвешивания: net=15kg (peak=15, tail=0, flags=None)",
2025-10-23T11:28:59.3789443,Debug,Scalemon.FSM.PlateauZeroStateMachine,→ PostUnload,
2025-10-23T11:28:59.3707242,Debug,Scalemon.FSM.PlateauZeroStateMachine,FSM: Переход из [AwaitUnload] в [PostUnload],
2025-10-23T11:28:59.3611485,Information,Scalemon.FSM.PlateauZeroStateMachine,"FSM получил семпл: Вес=0, Текущее состояние=AwaitUnload",
2025-10-23T11:28:59.3520233,Debug,Scalemon.SerialLink.ScaleProcessor,"Отправляю пакет данных: Вес=0, Стабилен=True, Подключено=True, Авария=False",
2025-10-23T11:28:59.2645225,Information,Scalemon.FSM.PlateauZeroStateMachine,"FSM получил семпл: Вес=0, Текущее состояние=AwaitUnload",
2025-10-23T11:28:59.2561151,Debug,Scalemon.SerialLink.ScaleProcessor,"Отправляю пакет данных: Вес=0, Стабилен=True, Подключено=True, Авария=False",
2025-10-23T11:28:59.1598677,Debug,Scalemon.SerialLink.ScaleProcessor,"Отправляю пакет данных: Вес=0, Стабилен=False, Подключено=True, Авария=False",
2025-10-23T11:28:59.0485099,Debug,Scalemon.SerialLink.ScaleProcessor,"Отправляю пакет данных: Вес=0.08, Стабилен=False, Подключено=True, Авария=False",
2025-10-23T11:28:58.9524853,Debug,Scalemon.SerialLink.ScaleProcessor,"Отправляю пакет данных: Вес=0.08, Стабилен=False, Подключено=True, Авария=False",
2025-10-23T11:28:58.8563514,Debug,Scalemon.SerialLink.ScaleProcessor,"Отправляю пакет данных: Вес=0.08, Стабилен=False, Подключено=True, Авария=False",
2025-10-23T11:28:58.7601150,Debug,Scalemon.SerialLink.ScaleProcessor,"Отправляю пакет данных: Вес=0.08, Стабилен=False, Подключено=True, Авария=False",
2025-10-23T11:28:58.6486043,Debug,Scalemon.SerialLink.ScaleProcessor,"Отправляю пакет данных: Вес=0.08, Стабилен=False, Подключено=True, Авария=False",
2025-10-23T11:28:58.5526156,Debug,Scalemon.SerialLink.ScaleProcessor,"Отправляю пакет данных: Вес=0.08, Стабилен=False, Подключено=True, Авария=False",
2025-10-23T11:28:58.4564554,Debug,Scalemon.SerialLink.ScaleProcessor,"Отправляю пакет данных: Вес=2.26, Стабилен=False, Подключено=True, Авария=False",
2025-10-23T11:28:58.3602282,Debug,Scalemon.SerialLink.ScaleProcessor,"Отправляю пакет данных: Вес=2.26, Стабилен=False, Подключено=True, Авария=False",
2025-10-23T11:28:58.2487534,Debug,Scalemon.SerialLink.ScaleProcessor,"Отправляю пакет данных: Вес=5.38, Стабилен=False, Подключено=True, Авария=False",
2025-10-23T11:28:58.1537987,Debug,Scalemon.SerialLink.ScaleProcessor,"Отправляю пакет данных: Вес=9.22, Стабилен=False, Подключено=True, Авария=False",
2025-10-23T11:28:58.0576095,Debug,Scalemon.SerialLink.ScaleProcessor,"Отправляю пакет данных: Вес=9.22, Стабилен=False, Подключено=True, Авария=False",
2025-10-23T11:28:57.9614109,Debug,Scalemon.SerialLink.ScaleProcessor,"Отправляю пакет данных: Вес=9.22, Стабилен=False, Подключено=True, Авария=False",
2025-10-23T11:28:57.8499748,Debug,Scalemon.SerialLink.ScaleProcessor,"Отправляю пакет данных: Вес=12.88, Стабилен=False, Подключено=True, Авария=False",
2025-10-23T11:28:57.7540045,Debug,Scalemon.SerialLink.ScaleProcessor,"Отправляю пакет данных: Вес=13.88, Стабилен=False, Подключено=True, Авария=False",
2025-10-23T11:28:57.6578133,Debug,Scalemon.SerialLink.ScaleProcessor,"Отправляю пакет данных: Вес=14.62, Стабилен=False, Подключено=True, Авария=False",
2025-10-23T11:28:57.5615878,Debug,Scalemon.SerialLink.ScaleProcessor,"Отправляю пакет данных: Вес=15.08, Стабилен=False, Подключено=True, Авария=False",
2025-10-23T11:28:57.4501648,Debug,Scalemon.SerialLink.ScaleProcessor,"Отправляю пакет данных: Вес=15.18, Стабилен=False, Подключено=True, Авария=False",
2025-10-23T11:28:57.3595119,Information,Scalemon.SignalBus.SignalBus,Отправка команды на Arduino: Unstable (0x13),
2025-10-23T11:28:57.3538388,Debug,Scalemon.SerialLink.ScaleProcessor,"Отправляю пакет данных: Вес=15, Стабилен=False, Подключено=True, Авария=False",
2025-10-23T11:28:57.2664063,Information,Scalemon.FSM.PlateauZeroStateMachine,"FSM получил семпл: Вес=15, Текущее состояние=AwaitUnload",
2025-10-23T11:28:57.2579911,Debug,Scalemon.SerialLink.ScaleProcessor,"Отправляю пакет данных: Вес=15, Стабилен=True, Подключено=True, Авария=False",
2025-10-23T11:28:57.1702030,Information,Scalemon.FSM.PlateauZeroStateMachine,"FSM получил семпл: Вес=15, Текущее состояние=AwaitUnload",
2025-10-23T11:28:57.1617733,Debug,Scalemon.SerialLink.ScaleProcessor,"Отправляю пакет данных: Вес=15, Стабилен=True, Подключено=True, Авария=False",
2025-10-23T11:28:57.0592775,Information,Scalemon.FSM.PlateauZeroStateMachine,"FSM получил семпл: Вес=15, Текущее состояние=AwaitUnload",
2025-10-23T11:28:57.0503283,Debug,Scalemon.SerialLink.ScaleProcessor,"Отправляю пакет данных: Вес=15, Стабилен=True, Подключено=True, Авария=False",
2025-10-23T11:28:56.9637678,Information,Scalemon.FSM.PlateauZeroStateMachine,"FSM получил семпл: Вес=15, Текущее состояние=AwaitUnload",
2025-10-23T11:28:56.9544271,Debug,Scalemon.SerialLink.ScaleProcessor,"Отправляю пакет данных: Вес=15, Стабилен=True, Подключено=True, Авария=False",
2025-10-23T11:28:56.8665192,Information,Scalemon.FSM.PlateauZeroStateMachine,"FSM получил семпл: Вес=15, Текущее состояние=AwaitUnload",
2025-10-23T11:28:56.8581783,Debug,Scalemon.SerialLink.ScaleProcessor,"Отправляю пакет данных: Вес=15, Стабилен=True, Подключено=True, Авария=False",
2025-10-23T11:28:56.7710130,Information,Scalemon.FSM.PlateauZeroStateMachine,"FSM получил семпл: Вес=15, Текущее состояние=AwaitUnload",
2025-10-23T11:28:56.7619394,Debug,Scalemon.SerialLink.ScaleProcessor,"Отправляю пакет данных: Вес=15, Стабилен=True, Подключено=True, Авария=False",
2025-10-23T11:28:56.6266450,Information,Scalemon.FSM.PlateauZeroStateMachine,"FSM получил семпл: Вес=15, Текущее состояние=AwaitUnload",
2025-10-23T11:28:56.6182875,Debug,Scalemon.SerialLink.ScaleProcessor,"Отправляю пакет данных: Вес=15, Стабилен=True, Подключено=True, Авария=False",
2025-10-23T11:28:56.4644852,Information,Scalemon.FSM.PlateauZeroStateMachine,"FSM получил семпл: Вес=15, Текущее состояние=AwaitUnload",
2025-10-23T11:28:56.4582145,Debug,Scalemon.SerialLink.ScaleProcessor,"Отправляю пакет данных: Вес=15, Стабилен=True, Подключено=True, Авария=False",
2025-10-23T11:28:56.3712049,Information,Scalemon.FSM.PlateauZeroStateMachine,"FSM получил семпл: Вес=15, Текущее состояние=AwaitUnload",
2025-10-23T11:28:56.3624514,Debug,Scalemon.SerialLink.ScaleProcessor,"Отправляю пакет данных: Вес=15, Стабилен=True, Подключено=True, Авария=False",
2025-10-23T11:28:56.2534381,Information,Scalemon.FSM.PlateauZeroStateMachine,"FSM получил семпл: Вес=15, Текущее состояние=AwaitUnload",
2025-10-23T11:28:56.2497014,Debug,Scalemon.SerialLink.ScaleProcessor,"Отправляю пакет данных: Вес=15, Стабилен=True, Подключено=True, Авария=False",
2025-10-23T11:28:56.1639414,Information,Scalemon.FSM.PlateauZeroStateMachine,"FSM получил семпл: Вес=15, Текущее состояние=AwaitUnload",
2025-10-23T11:28:56.1547125,Debug,Scalemon.SerialLink.ScaleProcessor,"Отправляю пакет данных: Вес=15, Стабилен=True, Подключено=True, Авария=False",
2025-10-23T11:28:56.0677804,Information,Scalemon.FSM.PlateauZeroStateMachine,"FSM получил семпл: Вес=15, Текущее состояние=AwaitUnload",
2025-10-23T11:28:56.0585143,Debug,Scalemon.SerialLink.ScaleProcessor,"Отправляю пакет данных: Вес=15, Стабилен=True, Подключено=True, Авария=False",
2025-10-23T11:28:55.9232643,Information,Scalemon.FSM.PlateauZeroStateMachine,"FSM получил семпл: Вес=15, Текущее состояние=AwaitUnload",
2025-10-23T11:28:55.9148414,Debug,Scalemon.SerialLink.ScaleProcessor,"Отправляю пакет данных: Вес=15, Стабилен=True, Подключено=True, Авария=False",
2025-10-23T11:28:55.7635139,Information,Scalemon.FSM.PlateauZeroStateMachine,"FSM получил семпл: Вес=15, Текущее состояние=AwaitUnload",
2025-10-23T11:28:55.7549490,Debug,Scalemon.SerialLink.ScaleProcessor,"Отправляю пакет данных: Вес=15, Стабилен=True, Подключено=True, Авария=False",
2025-10-23T11:28:55.6672043,Information,Scalemon.FSM.PlateauZeroStateMachine,"FSM получил семпл: Вес=15, Текущее состояние=AwaitUnload",
2025-10-23T11:28:55.6586753,Debug,Scalemon.SerialLink.ScaleProcessor,"Отправляю пакет данных: Вес=15, Стабилен=True, Подключено=True, Авария=False",
2025-10-23T11:28:55.5713692,Information,Scalemon.FSM.PlateauZeroStateMachine,"FSM получил семпл: Вес=15, Текущее состояние=AwaitUnload",
2025-10-23T11:28:55.5627416,Debug,Scalemon.SerialLink.ScaleProcessor,"Отправляю пакет данных: Вес=15, Стабилен=True, Подключено=True, Авария=False",
2025-10-23T11:28:55.4595194,Information,Scalemon.FSM.PlateauZeroStateMachine,"FSM получил семпл: Вес=15, Текущее состояние=AwaitUnload",
2025-10-23T11:28:55.4510593,Debug,Scalemon.SerialLink.ScaleProcessor,"Отправляю пакет данных: Вес=15, Стабилен=True, Подключено=True, Авария=False",
2025-10-23T11:28:55.3642141,Information,Scalemon.FSM.PlateauZeroStateMachine,"FSM получил семпл: Вес=15, Текущее состояние=AwaitUnload",
2025-10-23T11:28:55.3550506,Debug,Scalemon.SerialLink.ScaleProcessor,"Отправляю пакет данных: Вес=15, Стабилен=True, Подключено=True, Авария=False",
2025-10-23T11:28:55.2511940,Information,Scalemon.SignalBus.SignalBus,Отправка команды на Arduino: Completed (0x14),
2025-10-23T11:28:55.2447437,Information,Scalemon.SignalBus.SignalBus,Отправка команды на Arduino: Unstable (0x13),
2025-10-23T11:28:55.2366440,Debug,Scalemon.FSM.PlateauZeroStateMachine,"→ AwaitUnload (plateau confirmed), peak≈15",
2025-10-23T11:28:55.2281886,Debug,Scalemon.FSM.PlateauZeroStateMachine,FSM: Переход из [Weighing] в [AwaitUnload],
2025-10-23T11:28:55.2198119,Information,Scalemon.FSM.PlateauZeroStateMachine,"FSM получил семпл: Вес=15, Текущее состояние=Weighing",
2025-10-23T11:28:55.2111855,Debug,Scalemon.SerialLink.ScaleProcessor,"Отправляю пакет данных: Вес=15, Стабилен=True, Подключено=True, Авария=False",
2025-10-23T11:28:55.0773668,Debug,Scalemon.FSM.PlateauZeroStateMachine,"→ Weighing (start), peak=15",
2025-10-23T11:28:55.0692567,Debug,Scalemon.FSM.PlateauZeroStateMachine,FSM: Переход из [IdleZero] в [Weighing],
2025-10-23T11:28:55.0603627,Information,Scalemon.FSM.PlateauZeroStateMachine,"FSM получил семпл: Вес=15, Текущее состояние=IdleZero",
2025-10-23T11:28:55.0512008,Debug,Scalemon.SerialLink.ScaleProcessor,"Отправляю пакет данных: Вес=15, Стабилен=True, Подключено=True, Авария=False",
2025-10-23T11:28:54.9552071,Debug,Scalemon.SerialLink.ScaleProcessor,"Отправляю пакет данных: Вес=15, Стабилен=False, Подключено=True, Авария=False",
2025-10-23T11:28:54.8591947,Debug,Scalemon.SerialLink.ScaleProcessor,"Отправляю пакет данных: Вес=15, Стабилен=False, Подключено=True, Авария=False",
2025-10-23T11:28:54.7630754,Debug,Scalemon.SerialLink.ScaleProcessor,"Отправляю пакет данных: Вес=15.04, Стабилен=False, Подключено=True, Авария=False",
2025-10-23T11:28:54.6513558,Debug,Scalemon.SerialLink.ScaleProcessor,"Отправляю пакет данных: Вес=15.14, Стабилен=False, Подключено=True, Авария=False",
2025-10-23T11:28:54.5553763,Debug,Scalemon.SerialLink.ScaleProcessor,"Отправляю пакет данных: Вес=15.14, Стабилен=False, Подключено=True, Авария=False",
2025-10-23T11:28:54.4593628,Debug,Scalemon.SerialLink.ScaleProcessor,"Отправляю пакет данных: Вес=15.04, Стабилен=False, Подключено=True, Авария=False",
2025-10-23T11:28:54.3631907,Debug,Scalemon.SerialLink.ScaleProcessor,"Отправляю пакет данных: Вес=15.04, Стабилен=False, Подключено=True, Авария=False",
2025-10-23T11:28:54.2513733,Debug,Scalemon.SerialLink.ScaleProcessor,"Отправляю пакет данных: Вес=14.74, Стабилен=False, Подключено=True, Авария=False",
2025-10-23T11:28:54.1555921,Debug,Scalemon.SerialLink.ScaleProcessor,"Отправляю пакет данных: Вес=14.18, Стабилен=False, Подключено=True, Авария=False",
2025-10-23T11:28:54.0595818,Debug,Scalemon.SerialLink.ScaleProcessor,"Отправляю пакет данных: Вес=12.8, Стабилен=False, Подключено=True, Авария=False",
